[[{"__type__":"cc.SceneAsset","_name":"游戏结束","scene":{"__id__":1},"asyncLoadAssets":null},{"__type__":"cc.Scene","_name":"New Node","_children":[{"__id__":2},{"__id__":4},{"__id__":5},{"__id__":8},{"__id__":10}],"_anchorPoint":{"__type__":"cc.Vec2"},"_trs":{"__type__":"TypedArray","ctor":"Float64Array","array":[0,0,0,0,0,0,1,1,1,1]},"autoReleaseAssets":false},{"__type__":"cc.Node","_name":"Canvas","_parent":{"__id__":1},"_children":[{"__id__":3}],"_components":[{"__type__":"cc.Canvas","node":{"__id__":2},"_designResolution":{"__type__":"cc.Size","width":437,"height":752}},{"__type__":"cc.Widget","node":{"__id__":2},"_alignFlags":45}],"_contentSize":{"__type__":"cc.Size","width":437,"height":752},"_trs":{"__type__":"TypedArray","ctor":"Float64Array","array":[218.5,376,0,0,0,0,1,1,1,1]},"_id":"a5esZu+45LA5mBpvttspPD"},{"__type__":"cc.Node","_name":"Main Camera","_parent":{"__id__":2},"_components":[{"__type__":"cc.Camera","node":{"__id__":3},"_clearFlags":7,"_depth":-1}],"_contentSize":{"__type__":"cc.Size","width":960,"height":640},"_trs":{"__type__":"TypedArray","ctor":"Float64Array","array":[0,0,273.5523577231529,0,0,0,1,1,1,1]}},{"__type__":"cc.Node","_name":"木头","_parent":{"__id__":1},"_components":[{"__type__":"cc.Sprite","node":{"__id__":4},"_materials":[{"__uuid__":"ecpdLyjvZBwrvm+cedCcQy"}],"_spriteFrame":{"__uuid__":"ccEYepwUtNrIFzhgTUdlAo"},"_sizeMode":0}],"_contentSize":{"__type__":"cc.Size","width":437,"height":752},"_anchorPoint":{"__type__":"cc.Vec2"},"_trs":{"__type__":"TypedArray","ctor":"Float64Array","array":[0,0,0,0,0,0,1,1,1,1]},"_id":"8dd63fzo1LyaunG84vqiHP"},{"__type__":"cc.Node","_name":"rbotton","_parent":{"__id__":1},"_children":[{"__id__":6}],"_components":[{"__type__":"cc.Button","node":{"__id__":5},"_normalMaterial":{"__uuid__":"ecpdLyjvZBwrvm+cedCcQy"},"clickEvents":[{"__type__":"cc.ClickEvent","target":{"__id__":5},"_componentId":"7392fAhbbFOvZzmmZpmTOmL","handler":"return"}],"_N$transition":2,"transition":2,"_N$normalColor":{"__type__":"cc.Color","r":230,"g":230,"b":230},"_N$pressedColor":{"__type__":"cc.Color","r":200,"g":200,"b":200},"pressedColor":{"__type__":"cc.Color","r":200,"g":200,"b":200},"_N$disabledColor":{"__type__":"cc.Color","r":120,"g":120,"b":120,"a":200},"_N$normalSprite":{"__uuid__":"4144l+8QNF/4/2ydCtJ2Rc"},"_N$target":{"__id__":6}},{"__type__":"7392fAhbbFOvZzmmZpmTOmL","node":{"__id__":5}}],"_contentSize":{"__type__":"cc.Size","width":100,"height":40},"_trs":{"__type__":"TypedArray","ctor":"Float64Array","array":[67.921,711.574,0,0,0,0,1,1,1,1]},"_id":"49WyiQ7v1Eq5rOpck5f37W"},{"__type__":"cc.Node","_name":"Background","_parent":{"__id__":5},"_children":[{"__id__":7}],"_components":[{"__type__":"cc.Sprite","node":{"__id__":6},"_materials":[{"__uuid__":"ecpdLyjvZBwrvm+cedCcQy"}],"_spriteFrame":{"__uuid__":"4144l+8QNF/4/2ydCtJ2Rc"},"_type":1,"_sizeMode":0},{"__type__":"cc.Widget","node":{"__id__":6},"alignMode":0,"_alignFlags":45,"_left":-0.14900000000000624,"_right":50.149,"_top":1.3322676295501878e-15,"_bottom":-1.3322676295501878e-15,"_originalWidth":100,"_originalHeight":40}],"_contentSize":{"__type__":"cc.Size","width":50.00000000000001,"height":40},"_trs":{"__type__":"TypedArray","ctor":"Float64Array","array":[-25.149000000000004,0,0,0,0,0,1,1,1,1]}},{"__type__":"cc.Node","_name":"Label","_parent":{"__id__":6},"_components":[{"__type__":"cc.Label","node":{"__id__":7},"_materials":[{"__uuid__":"ecpdLyjvZBwrvm+cedCcQy"}],"_useOriginalSize":false,"_string":"返回","_N$string":"返回","_fontSize":27,"_lineHeight":36.8,"_enableWrapText":false,"_styleFlags":1,"_N$verticalAlign":1,"_N$fontFamily":"KAITI","_N$overflow":1,"_N$cacheMode":1}],"_color":{"__type__":"cc.Color"},"_contentSize":{"__type__":"cc.Size","width":100,"height":40},"_trs":{"__type__":"TypedArray","ctor":"Float64Array","array":[76.569,0.642,0,0,0,0,1,1,1,1]}},{"__type__":"cc.Node","_name":"text","_parent":{"__id__":1},"_children":[{"__id__":9}],"_components":[{"__type__":"cc.Label","node":{"__id__":8},"_materials":[{"__uuid__":"ecpdLyjvZBwrvm+cedCcQy"}],"_useOriginalSize":false,"_styleFlags":1,"_N$horizontalAlign":1,"_N$verticalAlign":1,"_N$fontFamily":"KAITI","_N$overflow":1}],"_color":{"__type__":"cc.Color","r":255},"_contentSize":{"__type__":"cc.Size","width":350,"height":100},"_trs":{"__type__":"TypedArray","ctor":"Float64Array","array":[218.5,488.647,0,0,0,0,1,1,1,1]},"_id":"3eDwKeIvlHuZpLF6NKCxJc"},{"__type__":"cc.Node","_name":"png","_parent":{"__id__":8},"_components":[{"__type__":"cc.Sprite","node":{"__id__":9},"_materials":[{"__uuid__":"ecpdLyjvZBwrvm+cedCcQy"}],"_sizeMode":0}],"_contentSize":{"__type__":"cc.Size","width":100,"height":100},"_trs":{"__type__":"TypedArray","ctor":"Float64Array","array":[0,-120,0,0,0,0,1,1,1,1]}},{"__type__":"cc.Node","_name":"endCtr","_parent":{"__id__":1},"_components":[{"__type__":"1b1daWvzJZJSqua3YIaOHYN","node":{"__id__":10}}],"_color":{"__type__":"cc.Color","r":245,"g":255},"_trs":{"__type__":"TypedArray","ctor":"Float64Array","array":[0,0,0,0,0,0,1,1,1,1]},"_id":"e4ptVv2HJOkKBpLVat0l0w"}],{"__type__":"cc.SpriteFrame","content":{"name":"return","texture":"5fFTBAlFdG9pZDGc2oLenB","rect":[10,25,257,200],"offset":[5,-7],"originalSize":[267,236],"capInsets":[0,0,0,0]}},{"__type__":"cc.SpriteFrame","content":{"name":"木头","texture":"29QrXuR8lKJbe9+VMnM756","rect":[0,0,519,720],"offset":[0,0],"originalSize":[519,720],"capInsets":[0,0,0,0]}}]