[{"__type__":"cc.SpriteFrame","content":{"name":"default_radio_button_on","texture":"9dYAAftfRHJqYpJlnj3tC4","rect":[1,1,30,30],"offset":[0,0],"originalSize":[32,32],"capInsets":[0,0,0,0]}},{"__type__":"cc.SpriteFrame","content":{"name":"欢乐豆","texture":"c8YdYjHJNJPLZLTtB54RFk","rect":[2,1,39,40],"offset":[-0.5,-0.5],"originalSize":[44,41],"capInsets":[0,0,0,0]}},{"__type__":"cc.SpriteFrame","content":{"name":"return","texture":"5fFTBAlFdG9pZDGc2oLenB","rect":[10,25,257,200],"offset":[5,-7],"originalSize":[267,236],"capInsets":[0,0,0,0]}},[{"__type__":"cc.SceneAsset","_name":"本地对战","scene":{"__id__":1},"asyncLoadAssets":null},{"__type__":"cc.Scene","_name":"New Node","_children":[{"__id__":2},{"__id__":4},{"__id__":5},{"__id__":16},{"__id__":27},{"__id__":31},{"__id__":30},{"__id__":34},{"__id__":50},{"__id__":66},{"__id__":69},{"__id__":72},{"__id__":94},{"__id__":116},{"__id__":117},{"__id__":118}],"_anchorPoint":{"__type__":"cc.Vec2"},"_trs":{"__type__":"TypedArray","ctor":"Float64Array","array":[0,0,0,0,0,0,1,1,1,1]},"autoReleaseAssets":false},{"__type__":"cc.Node","_name":"Canvas","_parent":{"__id__":1},"_children":[{"__id__":3}],"_components":[{"__type__":"cc.Canvas","node":{"__id__":2},"_designResolution":{"__type__":"cc.Size","width":437,"height":752}},{"__type__":"cc.Widget","node":{"__id__":2},"_alignFlags":45}],"_contentSize":{"__type__":"cc.Size","width":437,"height":752},"_trs":{"__type__":"TypedArray","ctor":"Float64Array","array":[218.5,376,0,0,0,0,1,1,1,1]},"_id":"a5esZu+45LA5mBpvttspPD"},{"__type__":"cc.Node","_name":"Main Camera","_parent":{"__id__":2},"_components":[{"__type__":"cc.Camera","node":{"__id__":3},"_clearFlags":7,"_depth":-1}],"_contentSize":{"__type__":"cc.Size","width":960,"height":640},"_trs":{"__type__":"TypedArray","ctor":"Float64Array","array":[0,0,289.33909269018056,0,0,0,1,1,1,1]}},{"__type__":"cc.Node","_name":"木头","_parent":{"__id__":1},"_components":[{"__type__":"cc.Sprite","node":{"__id__":4},"_materials":[{"__uuid__":"ecpdLyjvZBwrvm+cedCcQy"}],"_spriteFrame":{"__uuid__":"ccEYepwUtNrIFzhgTUdlAo"},"_sizeMode":0}],"_contentSize":{"__type__":"cc.Size","width":437,"height":752},"_anchorPoint":{"__type__":"cc.Vec2"},"_trs":{"__type__":"TypedArray","ctor":"Float64Array","array":[0,0,0,0,0,0,1,1,1,1]},"_id":"6aFsEtabdJv6/WZt3zBXNA"},{"__type__":"cc.Node","_name":"dices1","_parent":{"__id__":1},"_children":[{"__id__":6},{"__id__":8},{"__id__":10},{"__id__":12},{"__id__":14}],"_components":[{"__type__":"cc.Sprite","node":{"__id__":5},"_materials":[{"__uuid__":"ecpdLyjvZBwrvm+cedCcQy"}],"_type":1,"_sizeMode":0},{"__type__":"cc.Layout","node":{"__id__":5},"_layoutSize":{"__type__":"cc.Size","width":400,"height":80},"_N$layoutType":1}],"_contentSize":{"__type__":"cc.Size","width":400,"height":80},"_trs":{"__type__":"TypedArray","ctor":"Float64Array","array":[218.5,200,0,0,0,0,1,1,1,1]},"_id":"94Mod1aqBB+oFqlAjaPJdX"},{"__type__":"cc.Node","_name":"d1","_parent":{"__id__":5},"_children":[{"__id__":7}],"_components":[{"__type__":"cc.Sprite","node":{"__id__":6},"_materials":[{"__uuid__":"ecpdLyjvZBwrvm+cedCcQy"}],"_spriteFrame":{"__uuid__":"c36s/bdhpDn5hv/xEv3eRE"},"_sizeMode":0},{"__type__":"cc.Animation","node":{"__id__":6},"_clips":[{"__uuid__":"741N8iu39DLaLiVu/uDKr2"},{"__uuid__":"93w2+088tAbbVEVh+xE3r2"},{"__uuid__":"57FoIM0m5MO4tnDaFzhLfW"},{"__uuid__":"fd6cQ2AjJN85e/wU/tS92P"},{"__uuid__":"f12dNFG4xADKf5OkSb8y73"},{"__uuid__":"ccUP3QvRVAubqK6BitSaTx"}]}],"_contentSize":{"__type__":"cc.Size","width":80,"height":80},"_trs":{"__type__":"TypedArray","ctor":"Float64Array","array":[-160,0,0,0,0,0,1,1,1,1]}},{"__type__":"cc.Node","_name":"lock1","_parent":{"__id__":6},"_components":[{"__type__":"cc.Sprite","node":{"__id__":7},"_materials":[{"__uuid__":"ecpdLyjvZBwrvm+cedCcQy"}]}],"_contentSize":{"__type__":"cc.Size","width":40,"height":36},"_trs":{"__type__":"TypedArray","ctor":"Float64Array","array":[0,-50,0,0,0,0,1,1,1,1]}},{"__type__":"cc.Node","_name":"d2","_parent":{"__id__":5},"_children":[{"__id__":9}],"_components":[{"__type__":"cc.Sprite","node":{"__id__":8},"_materials":[{"__uuid__":"ecpdLyjvZBwrvm+cedCcQy"}],"_spriteFrame":{"__uuid__":"c36s/bdhpDn5hv/xEv3eRE"},"_sizeMode":0},{"__type__":"cc.Animation","node":{"__id__":8},"_clips":[{"__uuid__":"741N8iu39DLaLiVu/uDKr2"},{"__uuid__":"93w2+088tAbbVEVh+xE3r2"},{"__uuid__":"57FoIM0m5MO4tnDaFzhLfW"},{"__uuid__":"fd6cQ2AjJN85e/wU/tS92P"},{"__uuid__":"f12dNFG4xADKf5OkSb8y73"},{"__uuid__":"ccUP3QvRVAubqK6BitSaTx"}]}],"_contentSize":{"__type__":"cc.Size","width":80,"height":80},"_trs":{"__type__":"TypedArray","ctor":"Float64Array","array":[-80,0,0,0,0,0,1,1,1,1]}},{"__type__":"cc.Node","_name":"lock2","_parent":{"__id__":8},"_components":[{"__type__":"cc.Sprite","node":{"__id__":9},"_materials":[{"__uuid__":"ecpdLyjvZBwrvm+cedCcQy"}]}],"_contentSize":{"__type__":"cc.Size","width":40,"height":36},"_trs":{"__type__":"TypedArray","ctor":"Float64Array","array":[0,-50,0,0,0,0,1,1,1,1]}},{"__type__":"cc.Node","_name":"d3","_parent":{"__id__":5},"_children":[{"__id__":11}],"_components":[{"__type__":"cc.Sprite","node":{"__id__":10},"_materials":[{"__uuid__":"ecpdLyjvZBwrvm+cedCcQy"}],"_spriteFrame":{"__uuid__":"c36s/bdhpDn5hv/xEv3eRE"},"_sizeMode":0},{"__type__":"cc.Animation","node":{"__id__":10},"_clips":[{"__uuid__":"741N8iu39DLaLiVu/uDKr2"},{"__uuid__":"93w2+088tAbbVEVh+xE3r2"},{"__uuid__":"57FoIM0m5MO4tnDaFzhLfW"},{"__uuid__":"fd6cQ2AjJN85e/wU/tS92P"},{"__uuid__":"f12dNFG4xADKf5OkSb8y73"},{"__uuid__":"ccUP3QvRVAubqK6BitSaTx"}]}],"_contentSize":{"__type__":"cc.Size","width":80,"height":80},"_trs":{"__type__":"TypedArray","ctor":"Float64Array","array":[0,0,0,0,0,0,1,1,1,1]}},{"__type__":"cc.Node","_name":"lock3","_parent":{"__id__":10},"_components":[{"__type__":"cc.Sprite","node":{"__id__":11},"_materials":[{"__uuid__":"ecpdLyjvZBwrvm+cedCcQy"}]}],"_contentSize":{"__type__":"cc.Size","width":40,"height":36},"_trs":{"__type__":"TypedArray","ctor":"Float64Array","array":[0,-50,0,0,0,0,1,1,1,1]}},{"__type__":"cc.Node","_name":"d4","_parent":{"__id__":5},"_children":[{"__id__":13}],"_components":[{"__type__":"cc.Sprite","node":{"__id__":12},"_materials":[{"__uuid__":"ecpdLyjvZBwrvm+cedCcQy"}],"_spriteFrame":{"__uuid__":"c36s/bdhpDn5hv/xEv3eRE"},"_sizeMode":0},{"__type__":"cc.Animation","node":{"__id__":12},"_clips":[{"__uuid__":"741N8iu39DLaLiVu/uDKr2"},{"__uuid__":"93w2+088tAbbVEVh+xE3r2"},{"__uuid__":"57FoIM0m5MO4tnDaFzhLfW"},{"__uuid__":"fd6cQ2AjJN85e/wU/tS92P"},{"__uuid__":"f12dNFG4xADKf5OkSb8y73"},{"__uuid__":"ccUP3QvRVAubqK6BitSaTx"}]}],"_contentSize":{"__type__":"cc.Size","width":80,"height":80},"_trs":{"__type__":"TypedArray","ctor":"Float64Array","array":[80,0,0,0,0,0,1,1,1,1]}},{"__type__":"cc.Node","_name":"lock4","_parent":{"__id__":12},"_components":[{"__type__":"cc.Sprite","node":{"__id__":13},"_materials":[{"__uuid__":"ecpdLyjvZBwrvm+cedCcQy"}]}],"_contentSize":{"__type__":"cc.Size","width":40,"height":36},"_trs":{"__type__":"TypedArray","ctor":"Float64Array","array":[0,-50,0,0,0,0,1,1,1,1]}},{"__type__":"cc.Node","_name":"d5","_parent":{"__id__":5},"_children":[{"__id__":15}],"_components":[{"__type__":"cc.Sprite","node":{"__id__":14},"_materials":[{"__uuid__":"ecpdLyjvZBwrvm+cedCcQy"}],"_spriteFrame":{"__uuid__":"c36s/bdhpDn5hv/xEv3eRE"},"_sizeMode":0},{"__type__":"cc.Animation","node":{"__id__":14},"_clips":[{"__uuid__":"741N8iu39DLaLiVu/uDKr2"},{"__uuid__":"93w2+088tAbbVEVh+xE3r2"},{"__uuid__":"57FoIM0m5MO4tnDaFzhLfW"},{"__uuid__":"fd6cQ2AjJN85e/wU/tS92P"},{"__uuid__":"f12dNFG4xADKf5OkSb8y73"},{"__uuid__":"ccUP3QvRVAubqK6BitSaTx"}]}],"_contentSize":{"__type__":"cc.Size","width":80,"height":80},"_trs":{"__type__":"TypedArray","ctor":"Float64Array","array":[160,0,0,0,0,0,1,1,1,1]}},{"__type__":"cc.Node","_name":"lock5","_parent":{"__id__":14},"_components":[{"__type__":"cc.Sprite","node":{"__id__":15},"_materials":[{"__uuid__":"ecpdLyjvZBwrvm+cedCcQy"}]}],"_contentSize":{"__type__":"cc.Size","width":40,"height":36},"_trs":{"__type__":"TypedArray","ctor":"Float64Array","array":[0,-50,0,0,0,0,1,1,1,1]}},{"__type__":"cc.Node","_name":"dices2","_parent":{"__id__":1},"_children":[{"__id__":17},{"__id__":19},{"__id__":21},{"__id__":23},{"__id__":25}],"_components":[{"__type__":"cc.Sprite","node":{"__id__":16},"_materials":[{"__uuid__":"ecpdLyjvZBwrvm+cedCcQy"}],"_type":1,"_sizeMode":0},{"__type__":"cc.Layout","node":{"__id__":16},"_layoutSize":{"__type__":"cc.Size","width":400,"height":80},"_N$layoutType":1}],"_contentSize":{"__type__":"cc.Size","width":400,"height":80},"_trs":{"__type__":"TypedArray","ctor":"Float64Array","array":[218.5,552,0,0,0,0,1,1,1,1]},"_id":"92a66wvAhDj7h13w0wbV0B"},{"__type__":"cc.Node","_name":"d6","_parent":{"__id__":16},"_children":[{"__id__":18}],"_components":[{"__type__":"cc.Sprite","node":{"__id__":17},"_materials":[{"__uuid__":"ecpdLyjvZBwrvm+cedCcQy"}],"_spriteFrame":{"__uuid__":"c36s/bdhpDn5hv/xEv3eRE"},"_sizeMode":0},{"__type__":"cc.Animation","node":{"__id__":17},"_clips":[{"__uuid__":"741N8iu39DLaLiVu/uDKr2"},{"__uuid__":"93w2+088tAbbVEVh+xE3r2"},{"__uuid__":"57FoIM0m5MO4tnDaFzhLfW"},{"__uuid__":"fd6cQ2AjJN85e/wU/tS92P"},{"__uuid__":"f12dNFG4xADKf5OkSb8y73"},{"__uuid__":"ccUP3QvRVAubqK6BitSaTx"}]}],"_contentSize":{"__type__":"cc.Size","width":80,"height":80},"_trs":{"__type__":"TypedArray","ctor":"Float64Array","array":[-160,0,0,0,0,0,1,1,1,1]}},{"__type__":"cc.Node","_name":"lock6","_parent":{"__id__":17},"_components":[{"__type__":"cc.Sprite","node":{"__id__":18},"_materials":[{"__uuid__":"ecpdLyjvZBwrvm+cedCcQy"}]}],"_contentSize":{"__type__":"cc.Size","width":40,"height":36},"_trs":{"__type__":"TypedArray","ctor":"Float64Array","array":[0,55,0,0,0,0,1,1,1,1]}},{"__type__":"cc.Node","_name":"d7","_parent":{"__id__":16},"_children":[{"__id__":20}],"_components":[{"__type__":"cc.Sprite","node":{"__id__":19},"_materials":[{"__uuid__":"ecpdLyjvZBwrvm+cedCcQy"}],"_spriteFrame":{"__uuid__":"c36s/bdhpDn5hv/xEv3eRE"},"_sizeMode":0},{"__type__":"cc.Animation","node":{"__id__":19},"_clips":[{"__uuid__":"741N8iu39DLaLiVu/uDKr2"},{"__uuid__":"93w2+088tAbbVEVh+xE3r2"},{"__uuid__":"57FoIM0m5MO4tnDaFzhLfW"},{"__uuid__":"fd6cQ2AjJN85e/wU/tS92P"},{"__uuid__":"f12dNFG4xADKf5OkSb8y73"},{"__uuid__":"ccUP3QvRVAubqK6BitSaTx"}]}],"_contentSize":{"__type__":"cc.Size","width":80,"height":80},"_trs":{"__type__":"TypedArray","ctor":"Float64Array","array":[-80,0,0,0,0,0,1,1,1,1]}},{"__type__":"cc.Node","_name":"lock7","_parent":{"__id__":19},"_components":[{"__type__":"cc.Sprite","node":{"__id__":20},"_materials":[{"__uuid__":"ecpdLyjvZBwrvm+cedCcQy"}]}],"_contentSize":{"__type__":"cc.Size","width":40,"height":36},"_trs":{"__type__":"TypedArray","ctor":"Float64Array","array":[0,55,0,0,0,0,1,1,1,1]}},{"__type__":"cc.Node","_name":"d8","_parent":{"__id__":16},"_children":[{"__id__":22}],"_components":[{"__type__":"cc.Sprite","node":{"__id__":21},"_materials":[{"__uuid__":"ecpdLyjvZBwrvm+cedCcQy"}],"_spriteFrame":{"__uuid__":"c36s/bdhpDn5hv/xEv3eRE"},"_sizeMode":0},{"__type__":"cc.Animation","node":{"__id__":21},"_clips":[{"__uuid__":"741N8iu39DLaLiVu/uDKr2"},{"__uuid__":"93w2+088tAbbVEVh+xE3r2"},{"__uuid__":"57FoIM0m5MO4tnDaFzhLfW"},{"__uuid__":"fd6cQ2AjJN85e/wU/tS92P"},{"__uuid__":"f12dNFG4xADKf5OkSb8y73"},{"__uuid__":"ccUP3QvRVAubqK6BitSaTx"}]}],"_contentSize":{"__type__":"cc.Size","width":80,"height":80},"_trs":{"__type__":"TypedArray","ctor":"Float64Array","array":[0,0,0,0,0,0,1,1,1,1]}},{"__type__":"cc.Node","_name":"lock8","_parent":{"__id__":21},"_components":[{"__type__":"cc.Sprite","node":{"__id__":22},"_materials":[{"__uuid__":"ecpdLyjvZBwrvm+cedCcQy"}]}],"_contentSize":{"__type__":"cc.Size","width":40,"height":36},"_trs":{"__type__":"TypedArray","ctor":"Float64Array","array":[0,55,0,0,0,0,1,1,1,1]}},{"__type__":"cc.Node","_name":"d9","_parent":{"__id__":16},"_children":[{"__id__":24}],"_components":[{"__type__":"cc.Sprite","node":{"__id__":23},"_materials":[{"__uuid__":"ecpdLyjvZBwrvm+cedCcQy"}],"_spriteFrame":{"__uuid__":"c36s/bdhpDn5hv/xEv3eRE"},"_sizeMode":0},{"__type__":"cc.Animation","node":{"__id__":23},"_clips":[{"__uuid__":"741N8iu39DLaLiVu/uDKr2"},{"__uuid__":"93w2+088tAbbVEVh+xE3r2"},{"__uuid__":"57FoIM0m5MO4tnDaFzhLfW"},{"__uuid__":"fd6cQ2AjJN85e/wU/tS92P"},{"__uuid__":"f12dNFG4xADKf5OkSb8y73"},{"__uuid__":"ccUP3QvRVAubqK6BitSaTx"}]}],"_contentSize":{"__type__":"cc.Size","width":80,"height":80},"_trs":{"__type__":"TypedArray","ctor":"Float64Array","array":[80,0,0,0,0,0,1,1,1,1]}},{"__type__":"cc.Node","_name":"lock9","_parent":{"__id__":23},"_components":[{"__type__":"cc.Sprite","node":{"__id__":24},"_materials":[{"__uuid__":"ecpdLyjvZBwrvm+cedCcQy"}]}],"_contentSize":{"__type__":"cc.Size","width":40,"height":36},"_trs":{"__type__":"TypedArray","ctor":"Float64Array","array":[0,55,0,0,0,0,1,1,1,1]}},{"__type__":"cc.Node","_name":"d10","_parent":{"__id__":16},"_children":[{"__id__":26}],"_components":[{"__type__":"cc.Sprite","node":{"__id__":25},"_materials":[{"__uuid__":"ecpdLyjvZBwrvm+cedCcQy"}],"_spriteFrame":{"__uuid__":"c36s/bdhpDn5hv/xEv3eRE"},"_sizeMode":0},{"__type__":"cc.Animation","node":{"__id__":25},"_clips":[{"__uuid__":"741N8iu39DLaLiVu/uDKr2"},{"__uuid__":"93w2+088tAbbVEVh+xE3r2"},{"__uuid__":"57FoIM0m5MO4tnDaFzhLfW"},{"__uuid__":"fd6cQ2AjJN85e/wU/tS92P"},{"__uuid__":"f12dNFG4xADKf5OkSb8y73"},{"__uuid__":"ccUP3QvRVAubqK6BitSaTx"}]}],"_contentSize":{"__type__":"cc.Size","width":80,"height":80},"_trs":{"__type__":"TypedArray","ctor":"Float64Array","array":[160,0,0,0,0,0,1,1,1,1]}},{"__type__":"cc.Node","_name":"lcok10","_parent":{"__id__":25},"_components":[{"__type__":"cc.Sprite","node":{"__id__":26},"_materials":[{"__uuid__":"ecpdLyjvZBwrvm+cedCcQy"}]}],"_contentSize":{"__type__":"cc.Size","width":40,"height":36},"_trs":{"__type__":"TypedArray","ctor":"Float64Array","array":[0,55,0,0,0,0,1,1,1,1]}},{"__type__":"cc.Node","_name":"start","_parent":{"__id__":1},"_children":[{"__id__":28}],"_components":[{"__type__":"cc.Button","node":{"__id__":27},"_normalMaterial":{"__uuid__":"ecpdLyjvZBwrvm+cedCcQy"},"clickEvents":[{"__type__":"cc.ClickEvent","target":{"__id__":30},"_componentId":"6d532dmaC9AxKaQKyUQCGHS","handler":"click"}],"_N$transition":2,"transition":2,"_N$normalColor":{"__type__":"cc.Color","r":230,"g":230,"b":230},"_N$pressedColor":{"__type__":"cc.Color","r":200,"g":200,"b":200},"pressedColor":{"__type__":"cc.Color","r":200,"g":200,"b":200},"_N$disabledColor":{"__type__":"cc.Color","r":120,"g":120,"b":120,"a":200}}],"_contentSize":{"__type__":"cc.Size","width":150,"height":80},"_trs":{"__type__":"TypedArray","ctor":"Float64Array","array":[218.5,376,0,0,0,0,1,1,1,1]},"_id":"daGKdlt+1P4IZ5kKvXmHKH"},{"__type__":"cc.Node","_name":"bg","_parent":{"__id__":27},"_children":[{"__id__":29}],"_components":[{"__type__":"cc.Sprite","node":{"__id__":28},"_materials":[{"__uuid__":"ecpdLyjvZBwrvm+cedCcQy"}],"_type":1,"_sizeMode":0},{"__type__":"cc.Widget","node":{"__id__":28},"alignMode":0,"_alignFlags":45,"_originalWidth":100,"_originalHeight":40}],"_contentSize":{"__type__":"cc.Size","width":150,"height":80},"_trs":{"__type__":"TypedArray","ctor":"Float64Array","array":[0,0,0,0,0,0,1,1,1,1]}},{"__type__":"cc.Node","_name":"str","_parent":{"__id__":28},"_components":[{"__type__":"cc.Label","node":{"__id__":29},"_materials":[{"__uuid__":"ecpdLyjvZBwrvm+cedCcQy"}],"_useOriginalSize":false,"_string":"一投","_N$string":"一投","_fontSize":50,"_lineHeight":80,"_enableWrapText":false,"_styleFlags":1,"_N$horizontalAlign":1,"_N$verticalAlign":1,"_N$fontFamily":"KAITI","_N$overflow":1,"_N$cacheMode":1}],"_color":{"__type__":"cc.Color"},"_contentSize":{"__type__":"cc.Size","width":150,"height":80},"_trs":{"__type__":"TypedArray","ctor":"Float64Array","array":[0,0,0,0,0,0,1,1,1,1]}},{"__type__":"cc.Node","_name":"maneger","_parent":{"__id__":1},"_components":[{"__type__":"6d532dmaC9AxKaQKyUQCGHS","node":{"__id__":30}}],"_trs":{"__type__":"TypedArray","ctor":"Float64Array","array":[0,0,0,0,0,0,1,1,1,1]},"_id":"94zFD9OHdA7LaTG4nBn21T"},{"__type__":"cc.Node","_name":"rButton","_parent":{"__id__":1},"_children":[{"__id__":32}],"_components":[{"__type__":"cc.Button","node":{"__id__":31},"_normalMaterial":{"__uuid__":"ecpdLyjvZBwrvm+cedCcQy"},"clickEvents":[{"__type__":"cc.ClickEvent","target":{"__id__":31},"_componentId":"7392fAhbbFOvZzmmZpmTOmL","handler":"return"}],"_N$transition":2,"transition":2,"_N$normalColor":{"__type__":"cc.Color","r":230,"g":230,"b":230},"_N$pressedColor":{"__type__":"cc.Color","r":200,"g":200,"b":200},"pressedColor":{"__type__":"cc.Color","r":200,"g":200,"b":200},"_N$disabledColor":{"__type__":"cc.Color","r":120,"g":120,"b":120,"a":200},"_N$normalSprite":{"__uuid__":"4144l+8QNF/4/2ydCtJ2Rc"},"_N$pressedSprite":{"__uuid__":"4144l+8QNF/4/2ydCtJ2Rc"},"pressedSprite":{"__uuid__":"4144l+8QNF/4/2ydCtJ2Rc"},"_N$hoverSprite":{"__uuid__":"4144l+8QNF/4/2ydCtJ2Rc"},"hoverSprite":{"__uuid__":"4144l+8QNF/4/2ydCtJ2Rc"},"_N$disabledSprite":{"__uuid__":"4144l+8QNF/4/2ydCtJ2Rc"},"_N$target":{"__id__":32}},null,{"__type__":"7392fAhbbFOvZzmmZpmTOmL","node":{"__id__":31}}],"_contentSize":{"__type__":"cc.Size","width":100,"height":40},"_trs":{"__type__":"TypedArray","ctor":"Float64Array","array":[54.473,718.595,0,0,0,0,1,1,1,1]},"_id":"660stU2ghLMrTrz8Yve8gd"},{"__type__":"cc.Node","_name":"Background","_parent":{"__id__":31},"_children":[{"__id__":33}],"_components":[{"__type__":"cc.Sprite","node":{"__id__":32},"_materials":[{"__uuid__":"ecpdLyjvZBwrvm+cedCcQy"}],"_spriteFrame":{"__uuid__":"4144l+8QNF/4/2ydCtJ2Rc"},"_type":1,"_sizeMode":0},{"__type__":"cc.Widget","node":{"__id__":32},"alignMode":0,"_alignFlags":45,"_left":2.733000000000004,"_right":57.267,"_top":1.186,"_bottom":-1.186,"_originalWidth":100,"_originalHeight":40}],"_contentSize":{"__type__":"cc.Size","width":39.99999999999999,"height":40},"_trs":{"__type__":"TypedArray","ctor":"Float64Array","array":[-27.267,-1.186,0,0,0,0,1,1,1,1]}},{"__type__":"cc.Node","_name":"Label","_parent":{"__id__":32},"_components":[{"__type__":"cc.Label","node":{"__id__":33},"_materials":[{"__uuid__":"ecpdLyjvZBwrvm+cedCcQy"}],"_useOriginalSize":false,"_string":"返回","_N$string":"返回","_fontSize":30,"_enableWrapText":false,"_styleFlags":1,"_N$verticalAlign":1,"_N$fontFamily":"KAITI","_N$overflow":1,"_N$cacheMode":1}],"_color":{"__type__":"cc.Color"},"_contentSize":{"__type__":"cc.Size","width":100,"height":40},"_trs":{"__type__":"TypedArray","ctor":"Float64Array","array":[71.133,0,0,0,0,0,1,1,1,1]}},{"__type__":"cc.Node","_name":"dButtons","_parent":{"__id__":1},"_children":[{"__id__":35},{"__id__":38},{"__id__":41},{"__id__":44},{"__id__":47}],"_components":[{"__type__":"cc.Sprite","node":{"__id__":34},"_materials":[{"__uuid__":"ecpdLyjvZBwrvm+cedCcQy"}],"_type":1,"_sizeMode":0},{"__type__":"cc.Layout","node":{"__id__":34},"_layoutSize":{"__type__":"cc.Size","width":400,"height":80},"_N$layoutType":1}],"_contentSize":{"__type__":"cc.Size","width":400,"height":80},"_trs":{"__type__":"TypedArray","ctor":"Float64Array","array":[218.5,200,0,0,0,0,1,1,1,1]},"_id":"1bon4VYe1MTbxsHkNZ6RgI"},{"__type__":"cc.Node","_name":"b1","_parent":{"__id__":34},"_children":[{"__id__":36}],"_components":[{"__type__":"cc.Button","node":{"__id__":35},"_normalMaterial":{"__uuid__":"ecpdLyjvZBwrvm+cedCcQy"},"clickEvents":[{"__type__":"cc.ClickEvent","target":{"__id__":30},"_componentId":"6d532dmaC9AxKaQKyUQCGHS","handler":"lock1","customEventData":"1"}],"_N$transition":2,"transition":2,"_N$normalColor":{"__type__":"cc.Color","r":230,"g":230,"b":230},"_N$pressedColor":{"__type__":"cc.Color","r":200,"g":200,"b":200},"pressedColor":{"__type__":"cc.Color","r":200,"g":200,"b":200},"_N$disabledColor":{"__type__":"cc.Color","r":120,"g":120,"b":120,"a":200},"_N$target":{"__id__":36}}],"_contentSize":{"__type__":"cc.Size","width":80,"height":80},"_trs":{"__type__":"TypedArray","ctor":"Float64Array","array":[-160,0,0,0,0,0,1,1,1,1]}},{"__type__":"cc.Node","_name":"Background","_parent":{"__id__":35},"_children":[{"__id__":37}],"_components":[{"__type__":"cc.Sprite","node":{"__id__":36},"_materials":[{"__uuid__":"ecpdLyjvZBwrvm+cedCcQy"}],"_type":1,"_sizeMode":0},{"__type__":"cc.Widget","node":{"__id__":36},"alignMode":0,"_alignFlags":45,"_originalWidth":100,"_originalHeight":40}],"_contentSize":{"__type__":"cc.Size","width":80,"height":80},"_trs":{"__type__":"TypedArray","ctor":"Float64Array","array":[0,0,0,0,0,0,1,1,1,1]}},{"__type__":"cc.Node","_name":"Label","_parent":{"__id__":36},"_components":[{"__type__":"cc.Label","node":{"__id__":37},"_materials":[{"__uuid__":"ecpdLyjvZBwrvm+cedCcQy"}],"_useOriginalSize":false,"_fontSize":20,"_enableWrapText":false,"_N$horizontalAlign":1,"_N$verticalAlign":1,"_N$overflow":1,"_N$cacheMode":1}],"_color":{"__type__":"cc.Color"},"_contentSize":{"__type__":"cc.Size","width":100,"height":40},"_trs":{"__type__":"TypedArray","ctor":"Float64Array","array":[0,0,0,0,0,0,1,1,1,1]}},{"__type__":"cc.Node","_name":"b2","_parent":{"__id__":34},"_children":[{"__id__":39}],"_components":[{"__type__":"cc.Button","node":{"__id__":38},"_normalMaterial":{"__uuid__":"ecpdLyjvZBwrvm+cedCcQy"},"clickEvents":[{"__type__":"cc.ClickEvent","target":{"__id__":30},"_componentId":"6d532dmaC9AxKaQKyUQCGHS","handler":"lock1","customEventData":"2"}],"_N$transition":2,"transition":2,"_N$normalColor":{"__type__":"cc.Color","r":230,"g":230,"b":230},"_N$pressedColor":{"__type__":"cc.Color","r":200,"g":200,"b":200},"pressedColor":{"__type__":"cc.Color","r":200,"g":200,"b":200},"_N$disabledColor":{"__type__":"cc.Color","r":120,"g":120,"b":120,"a":200},"_N$target":{"__id__":39}}],"_contentSize":{"__type__":"cc.Size","width":80,"height":80},"_trs":{"__type__":"TypedArray","ctor":"Float64Array","array":[-80,0,0,0,0,0,1,1,1,1]}},{"__type__":"cc.Node","_name":"Background","_parent":{"__id__":38},"_children":[{"__id__":40}],"_components":[{"__type__":"cc.Sprite","node":{"__id__":39},"_materials":[{"__uuid__":"ecpdLyjvZBwrvm+cedCcQy"}],"_type":1,"_sizeMode":0},{"__type__":"cc.Widget","node":{"__id__":39},"alignMode":0,"_alignFlags":45,"_originalWidth":100,"_originalHeight":40}],"_contentSize":{"__type__":"cc.Size","width":80,"height":80},"_trs":{"__type__":"TypedArray","ctor":"Float64Array","array":[0,0,0,0,0,0,1,1,1,1]}},{"__type__":"cc.Node","_name":"Label","_parent":{"__id__":39},"_components":[{"__type__":"cc.Label","node":{"__id__":40},"_materials":[{"__uuid__":"ecpdLyjvZBwrvm+cedCcQy"}],"_useOriginalSize":false,"_fontSize":20,"_enableWrapText":false,"_N$horizontalAlign":1,"_N$verticalAlign":1,"_N$overflow":1,"_N$cacheMode":1}],"_color":{"__type__":"cc.Color"},"_contentSize":{"__type__":"cc.Size","width":100,"height":40},"_trs":{"__type__":"TypedArray","ctor":"Float64Array","array":[0,0,0,0,0,0,1,1,1,1]}},{"__type__":"cc.Node","_name":"b3","_parent":{"__id__":34},"_children":[{"__id__":42}],"_components":[{"__type__":"cc.Button","node":{"__id__":41},"_normalMaterial":{"__uuid__":"ecpdLyjvZBwrvm+cedCcQy"},"clickEvents":[{"__type__":"cc.ClickEvent","target":{"__id__":30},"_componentId":"6d532dmaC9AxKaQKyUQCGHS","handler":"lock1","customEventData":"3"}],"_N$transition":2,"transition":2,"_N$normalColor":{"__type__":"cc.Color","r":230,"g":230,"b":230},"_N$pressedColor":{"__type__":"cc.Color","r":200,"g":200,"b":200},"pressedColor":{"__type__":"cc.Color","r":200,"g":200,"b":200},"_N$disabledColor":{"__type__":"cc.Color","r":120,"g":120,"b":120,"a":200},"_N$target":{"__id__":42}}],"_contentSize":{"__type__":"cc.Size","width":80,"height":80},"_trs":{"__type__":"TypedArray","ctor":"Float64Array","array":[0,0,0,0,0,0,1,1,1,1]}},{"__type__":"cc.Node","_name":"Background","_parent":{"__id__":41},"_children":[{"__id__":43}],"_components":[{"__type__":"cc.Sprite","node":{"__id__":42},"_materials":[{"__uuid__":"ecpdLyjvZBwrvm+cedCcQy"}],"_type":1,"_sizeMode":0},{"__type__":"cc.Widget","node":{"__id__":42},"alignMode":0,"_alignFlags":45,"_originalWidth":100,"_originalHeight":40}],"_contentSize":{"__type__":"cc.Size","width":80,"height":80},"_trs":{"__type__":"TypedArray","ctor":"Float64Array","array":[0,0,0,0,0,0,1,1,1,1]}},{"__type__":"cc.Node","_name":"Label","_parent":{"__id__":42},"_components":[{"__type__":"cc.Label","node":{"__id__":43},"_materials":[{"__uuid__":"ecpdLyjvZBwrvm+cedCcQy"}],"_useOriginalSize":false,"_fontSize":20,"_enableWrapText":false,"_N$horizontalAlign":1,"_N$verticalAlign":1,"_N$overflow":1,"_N$cacheMode":1}],"_color":{"__type__":"cc.Color"},"_contentSize":{"__type__":"cc.Size","width":100,"height":40},"_trs":{"__type__":"TypedArray","ctor":"Float64Array","array":[0,0,0,0,0,0,1,1,1,1]}},{"__type__":"cc.Node","_name":"b4","_parent":{"__id__":34},"_children":[{"__id__":45}],"_components":[{"__type__":"cc.Button","node":{"__id__":44},"_normalMaterial":{"__uuid__":"ecpdLyjvZBwrvm+cedCcQy"},"clickEvents":[{"__type__":"cc.ClickEvent","target":{"__id__":30},"_componentId":"6d532dmaC9AxKaQKyUQCGHS","handler":"lock1","customEventData":"4"}],"_N$transition":2,"transition":2,"_N$normalColor":{"__type__":"cc.Color","r":230,"g":230,"b":230},"_N$pressedColor":{"__type__":"cc.Color","r":200,"g":200,"b":200},"pressedColor":{"__type__":"cc.Color","r":200,"g":200,"b":200},"_N$disabledColor":{"__type__":"cc.Color","r":120,"g":120,"b":120,"a":200},"_N$target":{"__id__":45}}],"_contentSize":{"__type__":"cc.Size","width":80,"height":80},"_trs":{"__type__":"TypedArray","ctor":"Float64Array","array":[80,0,0,0,0,0,1,1,1,1]}},{"__type__":"cc.Node","_name":"Background","_parent":{"__id__":44},"_children":[{"__id__":46}],"_components":[{"__type__":"cc.Sprite","node":{"__id__":45},"_materials":[{"__uuid__":"ecpdLyjvZBwrvm+cedCcQy"}],"_type":1,"_sizeMode":0},{"__type__":"cc.Widget","node":{"__id__":45},"alignMode":0,"_alignFlags":45,"_originalWidth":100,"_originalHeight":40}],"_contentSize":{"__type__":"cc.Size","width":80,"height":80},"_trs":{"__type__":"TypedArray","ctor":"Float64Array","array":[0,0,0,0,0,0,1,1,1,1]}},{"__type__":"cc.Node","_name":"Label","_parent":{"__id__":45},"_components":[{"__type__":"cc.Label","node":{"__id__":46},"_materials":[{"__uuid__":"ecpdLyjvZBwrvm+cedCcQy"}],"_useOriginalSize":false,"_fontSize":20,"_enableWrapText":false,"_N$horizontalAlign":1,"_N$verticalAlign":1,"_N$overflow":1,"_N$cacheMode":1}],"_color":{"__type__":"cc.Color"},"_contentSize":{"__type__":"cc.Size","width":100,"height":40},"_trs":{"__type__":"TypedArray","ctor":"Float64Array","array":[0,0,0,0,0,0,1,1,1,1]}},{"__type__":"cc.Node","_name":"b5","_parent":{"__id__":34},"_children":[{"__id__":48}],"_components":[{"__type__":"cc.Button","node":{"__id__":47},"_normalMaterial":{"__uuid__":"ecpdLyjvZBwrvm+cedCcQy"},"clickEvents":[{"__type__":"cc.ClickEvent","target":{"__id__":30},"_componentId":"6d532dmaC9AxKaQKyUQCGHS","handler":"lock1","customEventData":"5"}],"_N$transition":2,"transition":2,"_N$normalColor":{"__type__":"cc.Color","r":230,"g":230,"b":230},"_N$pressedColor":{"__type__":"cc.Color","r":200,"g":200,"b":200},"pressedColor":{"__type__":"cc.Color","r":200,"g":200,"b":200},"_N$disabledColor":{"__type__":"cc.Color","r":120,"g":120,"b":120,"a":200},"_N$target":{"__id__":48}}],"_contentSize":{"__type__":"cc.Size","width":80,"height":80},"_trs":{"__type__":"TypedArray","ctor":"Float64Array","array":[160,0,0,0,0,0,1,1,1,1]}},{"__type__":"cc.Node","_name":"Background","_parent":{"__id__":47},"_children":[{"__id__":49}],"_components":[{"__type__":"cc.Sprite","node":{"__id__":48},"_materials":[{"__uuid__":"ecpdLyjvZBwrvm+cedCcQy"}],"_type":1,"_sizeMode":0},{"__type__":"cc.Widget","node":{"__id__":48},"alignMode":0,"_alignFlags":45,"_originalWidth":100,"_originalHeight":40}],"_contentSize":{"__type__":"cc.Size","width":80,"height":80},"_trs":{"__type__":"TypedArray","ctor":"Float64Array","array":[0,0,0,0,0,0,1,1,1,1]}},{"__type__":"cc.Node","_name":"Label","_parent":{"__id__":48},"_components":[{"__type__":"cc.Label","node":{"__id__":49},"_materials":[{"__uuid__":"ecpdLyjvZBwrvm+cedCcQy"}],"_useOriginalSize":false,"_fontSize":20,"_enableWrapText":false,"_N$horizontalAlign":1,"_N$verticalAlign":1,"_N$overflow":1,"_N$cacheMode":1}],"_color":{"__type__":"cc.Color"},"_contentSize":{"__type__":"cc.Size","width":100,"height":40},"_trs":{"__type__":"TypedArray","ctor":"Float64Array","array":[0,0,0,0,0,0,1,1,1,1]}},{"__type__":"cc.Node","_name":"tButtons","_parent":{"__id__":1},"_children":[{"__id__":51},{"__id__":54},{"__id__":57},{"__id__":60},{"__id__":63}],"_components":[{"__type__":"cc.Sprite","node":{"__id__":50},"_materials":[{"__uuid__":"ecpdLyjvZBwrvm+cedCcQy"}],"_type":1,"_sizeMode":0},{"__type__":"cc.Layout","node":{"__id__":50},"_layoutSize":{"__type__":"cc.Size","width":400,"height":80},"_N$layoutType":1}],"_contentSize":{"__type__":"cc.Size","width":400,"height":80},"_trs":{"__type__":"TypedArray","ctor":"Float64Array","array":[218.5,552,0,0,0,0,1,1,1,1]},"_id":"45aCo45FZFvLLTiSM+V6KR"},{"__type__":"cc.Node","_name":"b6","_parent":{"__id__":50},"_children":[{"__id__":52}],"_components":[{"__type__":"cc.Button","node":{"__id__":51},"_normalMaterial":{"__uuid__":"ecpdLyjvZBwrvm+cedCcQy"},"clickEvents":[{"__type__":"cc.ClickEvent","target":{"__id__":30},"_componentId":"6d532dmaC9AxKaQKyUQCGHS","handler":"lock2","customEventData":"6"}],"_N$transition":2,"transition":2,"_N$normalColor":{"__type__":"cc.Color","r":230,"g":230,"b":230},"_N$pressedColor":{"__type__":"cc.Color","r":200,"g":200,"b":200},"pressedColor":{"__type__":"cc.Color","r":200,"g":200,"b":200},"_N$disabledColor":{"__type__":"cc.Color","r":120,"g":120,"b":120,"a":200},"_N$target":{"__id__":52}}],"_contentSize":{"__type__":"cc.Size","width":80,"height":80},"_trs":{"__type__":"TypedArray","ctor":"Float64Array","array":[-160,0,0,0,0,0,1,1,1,1]}},{"__type__":"cc.Node","_name":"Background","_parent":{"__id__":51},"_children":[{"__id__":53}],"_components":[{"__type__":"cc.Sprite","node":{"__id__":52},"_materials":[{"__uuid__":"ecpdLyjvZBwrvm+cedCcQy"}],"_type":1,"_sizeMode":0},{"__type__":"cc.Widget","node":{"__id__":52},"alignMode":0,"_alignFlags":45,"_originalWidth":100,"_originalHeight":40}],"_contentSize":{"__type__":"cc.Size","width":80,"height":80},"_trs":{"__type__":"TypedArray","ctor":"Float64Array","array":[0,0,0,0,0,0,1,1,1,1]}},{"__type__":"cc.Node","_name":"Label","_parent":{"__id__":52},"_components":[{"__type__":"cc.Label","node":{"__id__":53},"_materials":[{"__uuid__":"ecpdLyjvZBwrvm+cedCcQy"}],"_useOriginalSize":false,"_fontSize":20,"_enableWrapText":false,"_N$horizontalAlign":1,"_N$verticalAlign":1,"_N$overflow":1,"_N$cacheMode":1}],"_color":{"__type__":"cc.Color"},"_contentSize":{"__type__":"cc.Size","width":100,"height":40},"_trs":{"__type__":"TypedArray","ctor":"Float64Array","array":[0,0,0,0,0,0,1,1,1,1]}},{"__type__":"cc.Node","_name":"b7","_parent":{"__id__":50},"_children":[{"__id__":55}],"_components":[{"__type__":"cc.Button","node":{"__id__":54},"_normalMaterial":{"__uuid__":"ecpdLyjvZBwrvm+cedCcQy"},"clickEvents":[{"__type__":"cc.ClickEvent","target":{"__id__":30},"_componentId":"6d532dmaC9AxKaQKyUQCGHS","handler":"lock2","customEventData":"7"}],"_N$transition":2,"transition":2,"_N$normalColor":{"__type__":"cc.Color","r":230,"g":230,"b":230},"_N$pressedColor":{"__type__":"cc.Color","r":200,"g":200,"b":200},"pressedColor":{"__type__":"cc.Color","r":200,"g":200,"b":200},"_N$disabledColor":{"__type__":"cc.Color","r":120,"g":120,"b":120,"a":200},"_N$target":{"__id__":55}}],"_contentSize":{"__type__":"cc.Size","width":80,"height":80},"_trs":{"__type__":"TypedArray","ctor":"Float64Array","array":[-80,0,0,0,0,0,1,1,1,1]}},{"__type__":"cc.Node","_name":"Background","_parent":{"__id__":54},"_children":[{"__id__":56}],"_components":[{"__type__":"cc.Sprite","node":{"__id__":55},"_materials":[{"__uuid__":"ecpdLyjvZBwrvm+cedCcQy"}],"_type":1,"_sizeMode":0},{"__type__":"cc.Widget","node":{"__id__":55},"alignMode":0,"_alignFlags":45,"_originalWidth":100,"_originalHeight":40}],"_contentSize":{"__type__":"cc.Size","width":80,"height":80},"_trs":{"__type__":"TypedArray","ctor":"Float64Array","array":[0,0,0,0,0,0,1,1,1,1]}},{"__type__":"cc.Node","_name":"Label","_parent":{"__id__":55},"_components":[{"__type__":"cc.Label","node":{"__id__":56},"_materials":[{"__uuid__":"ecpdLyjvZBwrvm+cedCcQy"}],"_useOriginalSize":false,"_fontSize":20,"_enableWrapText":false,"_N$horizontalAlign":1,"_N$verticalAlign":1,"_N$overflow":1,"_N$cacheMode":1}],"_color":{"__type__":"cc.Color"},"_contentSize":{"__type__":"cc.Size","width":100,"height":40},"_trs":{"__type__":"TypedArray","ctor":"Float64Array","array":[0,0,0,0,0,0,1,1,1,1]}},{"__type__":"cc.Node","_name":"b8","_parent":{"__id__":50},"_children":[{"__id__":58}],"_components":[{"__type__":"cc.Button","node":{"__id__":57},"_normalMaterial":{"__uuid__":"ecpdLyjvZBwrvm+cedCcQy"},"clickEvents":[{"__type__":"cc.ClickEvent","target":{"__id__":30},"_componentId":"6d532dmaC9AxKaQKyUQCGHS","handler":"lock2","customEventData":"8"}],"_N$transition":2,"transition":2,"_N$normalColor":{"__type__":"cc.Color","r":230,"g":230,"b":230},"_N$pressedColor":{"__type__":"cc.Color","r":200,"g":200,"b":200},"pressedColor":{"__type__":"cc.Color","r":200,"g":200,"b":200},"_N$disabledColor":{"__type__":"cc.Color","r":120,"g":120,"b":120,"a":200},"_N$target":{"__id__":58}}],"_contentSize":{"__type__":"cc.Size","width":80,"height":80},"_trs":{"__type__":"TypedArray","ctor":"Float64Array","array":[0,0,0,0,0,0,1,1,1,1]}},{"__type__":"cc.Node","_name":"Background","_parent":{"__id__":57},"_children":[{"__id__":59}],"_components":[{"__type__":"cc.Sprite","node":{"__id__":58},"_materials":[{"__uuid__":"ecpdLyjvZBwrvm+cedCcQy"}],"_type":1,"_sizeMode":0},{"__type__":"cc.Widget","node":{"__id__":58},"alignMode":0,"_alignFlags":45,"_originalWidth":100,"_originalHeight":40}],"_contentSize":{"__type__":"cc.Size","width":80,"height":80},"_trs":{"__type__":"TypedArray","ctor":"Float64Array","array":[0,0,0,0,0,0,1,1,1,1]}},{"__type__":"cc.Node","_name":"Label","_parent":{"__id__":58},"_components":[{"__type__":"cc.Label","node":{"__id__":59},"_materials":[{"__uuid__":"ecpdLyjvZBwrvm+cedCcQy"}],"_useOriginalSize":false,"_fontSize":20,"_enableWrapText":false,"_N$horizontalAlign":1,"_N$verticalAlign":1,"_N$overflow":1,"_N$cacheMode":1}],"_color":{"__type__":"cc.Color"},"_contentSize":{"__type__":"cc.Size","width":100,"height":40},"_trs":{"__type__":"TypedArray","ctor":"Float64Array","array":[0,0,0,0,0,0,1,1,1,1]}},{"__type__":"cc.Node","_name":"b9","_parent":{"__id__":50},"_children":[{"__id__":61}],"_components":[{"__type__":"cc.Button","node":{"__id__":60},"_normalMaterial":{"__uuid__":"ecpdLyjvZBwrvm+cedCcQy"},"clickEvents":[{"__type__":"cc.ClickEvent","target":{"__id__":30},"_componentId":"6d532dmaC9AxKaQKyUQCGHS","handler":"lock2","customEventData":"9"}],"_N$transition":2,"transition":2,"_N$normalColor":{"__type__":"cc.Color","r":230,"g":230,"b":230},"_N$pressedColor":{"__type__":"cc.Color","r":200,"g":200,"b":200},"pressedColor":{"__type__":"cc.Color","r":200,"g":200,"b":200},"_N$disabledColor":{"__type__":"cc.Color","r":120,"g":120,"b":120,"a":200},"_N$target":{"__id__":61}}],"_contentSize":{"__type__":"cc.Size","width":80,"height":80},"_trs":{"__type__":"TypedArray","ctor":"Float64Array","array":[80,0,0,0,0,0,1,1,1,1]}},{"__type__":"cc.Node","_name":"Background","_parent":{"__id__":60},"_children":[{"__id__":62}],"_components":[{"__type__":"cc.Sprite","node":{"__id__":61},"_materials":[{"__uuid__":"ecpdLyjvZBwrvm+cedCcQy"}],"_type":1,"_sizeMode":0},{"__type__":"cc.Widget","node":{"__id__":61},"alignMode":0,"_alignFlags":45,"_originalWidth":100,"_originalHeight":40}],"_contentSize":{"__type__":"cc.Size","width":80,"height":80},"_trs":{"__type__":"TypedArray","ctor":"Float64Array","array":[0,0,0,0,0,0,1,1,1,1]}},{"__type__":"cc.Node","_name":"Label","_parent":{"__id__":61},"_components":[{"__type__":"cc.Label","node":{"__id__":62},"_materials":[{"__uuid__":"ecpdLyjvZBwrvm+cedCcQy"}],"_useOriginalSize":false,"_fontSize":20,"_enableWrapText":false,"_N$horizontalAlign":1,"_N$verticalAlign":1,"_N$overflow":1,"_N$cacheMode":1}],"_color":{"__type__":"cc.Color"},"_contentSize":{"__type__":"cc.Size","width":100,"height":40},"_trs":{"__type__":"TypedArray","ctor":"Float64Array","array":[0,0,0,0,0,0,1,1,1,1]}},{"__type__":"cc.Node","_name":"b10","_parent":{"__id__":50},"_children":[{"__id__":64}],"_components":[{"__type__":"cc.Button","node":{"__id__":63},"_normalMaterial":{"__uuid__":"ecpdLyjvZBwrvm+cedCcQy"},"clickEvents":[{"__type__":"cc.ClickEvent","target":{"__id__":30},"_componentId":"6d532dmaC9AxKaQKyUQCGHS","handler":"lock2","customEventData":"10"}],"_N$transition":2,"transition":2,"_N$normalColor":{"__type__":"cc.Color","r":230,"g":230,"b":230},"_N$pressedColor":{"__type__":"cc.Color","r":200,"g":200,"b":200},"pressedColor":{"__type__":"cc.Color","r":200,"g":200,"b":200},"_N$disabledColor":{"__type__":"cc.Color","r":120,"g":120,"b":120,"a":200},"_N$target":{"__id__":64}}],"_contentSize":{"__type__":"cc.Size","width":80,"height":80},"_trs":{"__type__":"TypedArray","ctor":"Float64Array","array":[160,0,0,0,0,0,1,1,1,1]}},{"__type__":"cc.Node","_name":"Background","_parent":{"__id__":63},"_children":[{"__id__":65}],"_components":[{"__type__":"cc.Sprite","node":{"__id__":64},"_materials":[{"__uuid__":"ecpdLyjvZBwrvm+cedCcQy"}],"_type":1,"_sizeMode":0},{"__type__":"cc.Widget","node":{"__id__":64},"alignMode":0,"_alignFlags":45,"_originalWidth":100,"_originalHeight":40}],"_contentSize":{"__type__":"cc.Size","width":80,"height":80},"_trs":{"__type__":"TypedArray","ctor":"Float64Array","array":[0,0,0,0,0,0,1,1,1,1]}},{"__type__":"cc.Node","_name":"Label","_parent":{"__id__":64},"_components":[{"__type__":"cc.Label","node":{"__id__":65},"_materials":[{"__uuid__":"ecpdLyjvZBwrvm+cedCcQy"}],"_useOriginalSize":false,"_fontSize":20,"_enableWrapText":false,"_N$horizontalAlign":1,"_N$verticalAlign":1,"_N$overflow":1,"_N$cacheMode":1}],"_color":{"__type__":"cc.Color"},"_contentSize":{"__type__":"cc.Size","width":100,"height":40},"_trs":{"__type__":"TypedArray","ctor":"Float64Array","array":[0,0,0,0,0,0,1,1,1,1]}},{"__type__":"cc.Node","_name":"p1","_parent":{"__id__":1},"_children":[{"__id__":67}],"_components":[{"__type__":"cc.Label","node":{"__id__":66},"_materials":[{"__uuid__":"ecpdLyjvZBwrvm+cedCcQy"}],"_useOriginalSize":false,"_string":"玩家一","_N$string":"玩家一","_styleFlags":1,"_N$horizontalAlign":1,"_N$verticalAlign":1,"_N$fontFamily":"KAITI","_N$overflow":1}],"_color":{"__type__":"cc.Color"},"_contentSize":{"__type__":"cc.Size","width":200,"height":70},"_trs":{"__type__":"TypedArray","ctor":"Float64Array","array":[218.5,280,0,0,0,0,1,1,1,1]},"_id":"1bnq5ejVxBba2E6P4LjUMJ"},{"__type__":"cc.Node","_name":"money","_parent":{"__id__":66},"_children":[{"__id__":68}],"_components":[{"__type__":"cc.Label","node":{"__id__":67},"_materials":[{"__uuid__":"ecpdLyjvZBwrvm+cedCcQy"}],"_useOriginalSize":false,"_string":"500","_N$string":"500","_fontSize":30,"_N$horizontalAlign":2,"_N$verticalAlign":1,"_N$fontFamily":"KAITI","_N$overflow":1}],"_color":{"__type__":"cc.Color"},"_contentSize":{"__type__":"cc.Size","width":60,"height":50.4},"_trs":{"__type__":"TypedArray","ctor":"Float64Array","array":[130,0,0,0,0,0,1,1,1,1]}},{"__type__":"cc.Node","_name":"pee","_parent":{"__id__":67},"_components":[{"__type__":"cc.Sprite","node":{"__id__":68},"_materials":[{"__uuid__":"ecpdLyjvZBwrvm+cedCcQy"}],"_spriteFrame":{"__uuid__":"36Hd4w6JhPp4WgVP+AH9K8"},"_sizeMode":0}],"_contentSize":{"__type__":"cc.Size","width":20,"height":20},"_trs":{"__type__":"TypedArray","ctor":"Float64Array","array":[42.376,-2.541,0,0,0,0,1,1,1,1]}},{"__type__":"cc.Node","_name":"p2","_parent":{"__id__":1},"_children":[{"__id__":70}],"_components":[{"__type__":"cc.Label","node":{"__id__":69},"_materials":[{"__uuid__":"ecpdLyjvZBwrvm+cedCcQy"}],"_useOriginalSize":false,"_string":"玩家二","_N$string":"玩家二","_styleFlags":1,"_N$horizontalAlign":1,"_N$verticalAlign":1,"_N$fontFamily":"KAITI","_N$overflow":1}],"_color":{"__type__":"cc.Color"},"_contentSize":{"__type__":"cc.Size","width":200,"height":70},"_trs":{"__type__":"TypedArray","ctor":"Float64Array","array":[218.5,482,0,0,0,0,1,1,1,1]},"_id":"426STNyIVB7IK4L2HKY+TU"},{"__type__":"cc.Node","_name":"money","_parent":{"__id__":69},"_children":[{"__id__":71}],"_components":[{"__type__":"cc.Label","node":{"__id__":70},"_materials":[{"__uuid__":"ecpdLyjvZBwrvm+cedCcQy"}],"_useOriginalSize":false,"_string":"500","_N$string":"500","_fontSize":30,"_N$horizontalAlign":2,"_N$verticalAlign":1,"_N$fontFamily":"KAITI","_N$overflow":1}],"_color":{"__type__":"cc.Color"},"_contentSize":{"__type__":"cc.Size","width":60,"height":50.4},"_trs":{"__type__":"TypedArray","ctor":"Float64Array","array":[130,0,0,0,0,0,1,1,1,1]}},{"__type__":"cc.Node","_name":"pee","_parent":{"__id__":70},"_components":[{"__type__":"cc.Sprite","node":{"__id__":71},"_materials":[{"__uuid__":"ecpdLyjvZBwrvm+cedCcQy"}],"_spriteFrame":{"__uuid__":"36Hd4w6JhPp4WgVP+AH9K8"},"_sizeMode":0}],"_contentSize":{"__type__":"cc.Size","width":20,"height":20},"_trs":{"__type__":"TypedArray","ctor":"Float64Array","array":[42,-2.5,0,0,0,0,1,1,1,1]}},{"__type__":"cc.Node","_name":"tc1","_parent":{"__id__":1},"_children":[{"__id__":73},{"__id__":78},{"__id__":83},{"__id__":88},{"__id__":93}],"_components":[{"__type__":"cc.ToggleContainer","node":{"__id__":72},"allowSwitchOff":true}],"_contentSize":{"__type__":"cc.Size","width":221,"height":61},"_trs":{"__type__":"TypedArray","ctor":"Float64Array","array":[218.5,100,0,0,0,0,1,1,1,1]},"_id":"681CeNPrxB0ZLFGPUat3H7"},{"__type__":"cc.Node","_name":"toggle1","_parent":{"__id__":72},"_children":[{"__id__":74},{"__id__":75},{"__id__":77}],"_components":[{"__type__":"cc.Toggle","node":{"__id__":73},"_N$interactable":false,"_N$transition":3,"transition":3,"_N$normalColor":{"__type__":"cc.Color","r":214,"g":214,"b":214},"_N$target":{"__id__":73},"checkMark":{"__id__":76},"checkEvents":[{"__type__":"cc.ClickEvent","target":{"__id__":30},"_componentId":"6d532dmaC9AxKaQKyUQCGHS","handler":"mnfChange1","customEventData":"1"}]}],"_contentSize":{"__type__":"cc.Size","width":41,"height":28},"_trs":{"__type__":"TypedArray","ctor":"Float64Array","array":[-62,3,0,0,0,0,1,1,1,1]}},{"__type__":"cc.Node","_name":"Background","_parent":{"__id__":73},"_components":[{"__type__":"cc.Sprite","node":{"__id__":74},"_materials":[{"__uuid__":"ecpdLyjvZBwrvm+cedCcQy"}],"_spriteFrame":{"__uuid__":"e7q6FL+VZEgLJUjVeDLic/"},"_sizeMode":2,"_isTrimmedMode":false}],"_contentSize":{"__type__":"cc.Size","width":32,"height":32},"_trs":{"__type__":"TypedArray","ctor":"Float64Array","array":[0,0,0,0,0,0,1,1,1,1]}},{"__type__":"cc.Node","_name":"checkmark","_parent":{"__id__":73},"_components":[{"__id__":76}],"_contentSize":{"__type__":"cc.Size","width":32,"height":32},"_trs":{"__type__":"TypedArray","ctor":"Float64Array","array":[0,0,0,0,0,0,1,1,1,1]}},{"__type__":"cc.Sprite","node":{"__id__":75},"_materials":[{"__uuid__":"ecpdLyjvZBwrvm+cedCcQy"}],"_spriteFrame":{"__uuid__":"1aMvx28L1PZpgPVpKcDKCz"},"_sizeMode":2,"_isTrimmedMode":false},{"__type__":"cc.Node","_name":"New Label","_parent":{"__id__":73},"_components":[{"__type__":"cc.Label","node":{"__id__":77},"_materials":[{"__uuid__":"ecpdLyjvZBwrvm+cedCcQy"}],"_useOriginalSize":false,"_string":"1","_N$string":"1","_N$horizontalAlign":1,"_N$verticalAlign":1}],"_contentSize":{"__type__":"cc.Size","width":22.25,"height":50.4},"_trs":{"__type__":"TypedArray","ctor":"Float64Array","array":[-3.751,-40.192,0,0,0,0,1,1,1,1]}},{"__type__":"cc.Node","_name":"toggle2","_parent":{"__id__":72},"_children":[{"__id__":79},{"__id__":80},{"__id__":82}],"_components":[{"__type__":"cc.Toggle","node":{"__id__":78},"_N$interactable":false,"_N$transition":3,"transition":3,"_N$normalColor":{"__type__":"cc.Color","r":214,"g":214,"b":214},"_N$target":{"__id__":78},"_N$isChecked":false,"checkMark":{"__id__":81},"checkEvents":[{"__type__":"cc.ClickEvent","target":{"__id__":30},"_componentId":"6d532dmaC9AxKaQKyUQCGHS","handler":"mnfChange1","customEventData":"2"}]}],"_contentSize":{"__type__":"cc.Size","width":42,"height":28},"_trs":{"__type__":"TypedArray","ctor":"Float64Array","array":[15,3,0,0,0,0,1,1,1,1]}},{"__type__":"cc.Node","_name":"Background","_parent":{"__id__":78},"_components":[{"__type__":"cc.Sprite","node":{"__id__":79},"_materials":[{"__uuid__":"ecpdLyjvZBwrvm+cedCcQy"}],"_spriteFrame":{"__uuid__":"e7q6FL+VZEgLJUjVeDLic/"},"_sizeMode":2,"_isTrimmedMode":false}],"_contentSize":{"__type__":"cc.Size","width":32,"height":32},"_trs":{"__type__":"TypedArray","ctor":"Float64Array","array":[0,0,0,0,0,0,1,1,1,1]}},{"__type__":"cc.Node","_name":"checkmark","_parent":{"__id__":78},"_active":false,"_components":[{"__id__":81}],"_contentSize":{"__type__":"cc.Size","width":32,"height":32},"_trs":{"__type__":"TypedArray","ctor":"Float64Array","array":[0,0,0,0,0,0,1,1,1,1]}},{"__type__":"cc.Sprite","node":{"__id__":80},"_spriteFrame":{"__uuid__":"1aMvx28L1PZpgPVpKcDKCz"},"_sizeMode":2,"_isTrimmedMode":false},{"__type__":"cc.Node","_name":"New Label","_parent":{"__id__":78},"_components":[{"__type__":"cc.Label","node":{"__id__":82},"_materials":[{"__uuid__":"ecpdLyjvZBwrvm+cedCcQy"}],"_useOriginalSize":false,"_string":"2","_N$string":"2","_N$horizontalAlign":1,"_N$verticalAlign":1}],"_contentSize":{"__type__":"cc.Size","width":22.25,"height":50.4},"_trs":{"__type__":"TypedArray","ctor":"Float64Array","array":[-1.072,-40.192,0,0,0,0,1,1,1,1]}},{"__type__":"cc.Node","_name":"toggle3","_parent":{"__id__":72},"_children":[{"__id__":84},{"__id__":85},{"__id__":87}],"_components":[{"__type__":"cc.Toggle","node":{"__id__":83},"_N$interactable":false,"_N$transition":3,"transition":3,"_N$normalColor":{"__type__":"cc.Color","r":214,"g":214,"b":214},"_N$target":{"__id__":83},"_N$isChecked":false,"checkMark":{"__id__":86},"checkEvents":[{"__type__":"cc.ClickEvent","target":{"__id__":30},"_componentId":"6d532dmaC9AxKaQKyUQCGHS","handler":"mnfChange1","customEventData":"3"}]}],"_contentSize":{"__type__":"cc.Size","width":37,"height":28},"_trs":{"__type__":"TypedArray","ctor":"Float64Array","array":[91,3,0,0,0,0,1,1,1,1]}},{"__type__":"cc.Node","_name":"Background","_parent":{"__id__":83},"_components":[{"__type__":"cc.Sprite","node":{"__id__":84},"_materials":[{"__uuid__":"ecpdLyjvZBwrvm+cedCcQy"}],"_spriteFrame":{"__uuid__":"e7q6FL+VZEgLJUjVeDLic/"},"_sizeMode":2,"_isTrimmedMode":false}],"_contentSize":{"__type__":"cc.Size","width":32,"height":32},"_trs":{"__type__":"TypedArray","ctor":"Float64Array","array":[0,0,0,0,0,0,1,1,1,1]}},{"__type__":"cc.Node","_name":"checkmark","_parent":{"__id__":83},"_active":false,"_components":[{"__id__":86}],"_contentSize":{"__type__":"cc.Size","width":32,"height":32},"_trs":{"__type__":"TypedArray","ctor":"Float64Array","array":[0,0,0,0,0,0,1,1,1,1]}},{"__type__":"cc.Sprite","node":{"__id__":85},"_spriteFrame":{"__uuid__":"1aMvx28L1PZpgPVpKcDKCz"},"_sizeMode":2,"_isTrimmedMode":false},{"__type__":"cc.Node","_name":"New Label","_parent":{"__id__":83},"_components":[{"__type__":"cc.Label","node":{"__id__":87},"_materials":[{"__uuid__":"ecpdLyjvZBwrvm+cedCcQy"}],"_useOriginalSize":false,"_string":"3","_N$string":"3","_N$horizontalAlign":1,"_N$verticalAlign":1}],"_contentSize":{"__type__":"cc.Size","width":22.25,"height":50.4},"_trs":{"__type__":"TypedArray","ctor":"Float64Array","array":[-1.484,-40.151,0,0,0,0,1,1,1,1]}},{"__type__":"cc.Node","_name":"toggle4","_parent":{"__id__":72},"_children":[{"__id__":89},{"__id__":90},{"__id__":92}],"_components":[{"__type__":"cc.Toggle","node":{"__id__":88},"_N$interactable":false,"_N$transition":3,"transition":3,"_N$normalColor":{"__type__":"cc.Color","r":214,"g":214,"b":214},"_N$target":{"__id__":88},"_N$isChecked":false,"checkMark":{"__id__":91},"checkEvents":[{"__type__":"cc.ClickEvent","target":{"__id__":30},"_componentId":"6d532dmaC9AxKaQKyUQCGHS","handler":"mnfChange1","customEventData":"4"}]}],"_contentSize":{"__type__":"cc.Size","width":37,"height":28},"_trs":{"__type__":"TypedArray","ctor":"Float64Array","array":[163.116,3,0,0,0,0,1,1,1,1]}},{"__type__":"cc.Node","_name":"Background","_parent":{"__id__":88},"_components":[{"__type__":"cc.Sprite","node":{"__id__":89},"_materials":[{"__uuid__":"ecpdLyjvZBwrvm+cedCcQy"}],"_spriteFrame":{"__uuid__":"e7q6FL+VZEgLJUjVeDLic/"},"_sizeMode":2,"_isTrimmedMode":false}],"_contentSize":{"__type__":"cc.Size","width":32,"height":32},"_trs":{"__type__":"TypedArray","ctor":"Float64Array","array":[0,0,0,0,0,0,1,1,1,1]}},{"__type__":"cc.Node","_name":"checkmark","_parent":{"__id__":88},"_active":false,"_components":[{"__id__":91}],"_contentSize":{"__type__":"cc.Size","width":32,"height":32},"_trs":{"__type__":"TypedArray","ctor":"Float64Array","array":[0,0,0,0,0,0,1,1,1,1]}},{"__type__":"cc.Sprite","node":{"__id__":90},"_spriteFrame":{"__uuid__":"1aMvx28L1PZpgPVpKcDKCz"},"_sizeMode":2,"_isTrimmedMode":false},{"__type__":"cc.Node","_name":"New Label","_parent":{"__id__":88},"_components":[{"__type__":"cc.Label","node":{"__id__":92},"_materials":[{"__uuid__":"ecpdLyjvZBwrvm+cedCcQy"}],"_useOriginalSize":false,"_string":"4","_N$string":"4","_N$horizontalAlign":1,"_N$verticalAlign":1}],"_contentSize":{"__type__":"cc.Size","width":22.25,"height":50.4},"_trs":{"__type__":"TypedArray","ctor":"Float64Array","array":[-0.701,-37.72,0,0,0,0,1,1,1,1]}},{"__type__":"cc.Node","_name":"label1","_parent":{"__id__":72},"_components":[{"__type__":"cc.Label","node":{"__id__":93},"_materials":[{"__uuid__":"ecpdLyjvZBwrvm+cedCcQy"}],"_useOriginalSize":false,"_string":"倍率：","_N$string":"倍率：","_styleFlags":1,"_N$horizontalAlign":1,"_N$verticalAlign":1,"_N$fontFamily":"KAITI"}],"_color":{"__type__":"cc.Color"},"_contentSize":{"__type__":"cc.Size","width":122.34,"height":50.4},"_trs":{"__type__":"TypedArray","ctor":"Float64Array","array":[-124.884,8.323,0,0,0,0,1,1,1,1]}},{"__type__":"cc.Node","_name":"tc2","_parent":{"__id__":1},"_children":[{"__id__":95},{"__id__":100},{"__id__":105},{"__id__":110},{"__id__":115}],"_components":[{"__type__":"cc.ToggleContainer","node":{"__id__":94}}],"_contentSize":{"__type__":"cc.Size","width":221,"height":61},"_trs":{"__type__":"TypedArray","ctor":"Float64Array","array":[218.5,652,0,0,0,0,1,1,1,1]},"_id":"87/p9i2JZHYrZFzhKuePDn"},{"__type__":"cc.Node","_name":"toggle1","_parent":{"__id__":94},"_children":[{"__id__":96},{"__id__":97},{"__id__":99}],"_components":[{"__type__":"cc.Toggle","node":{"__id__":95},"_N$interactable":false,"_N$transition":3,"transition":3,"_N$normalColor":{"__type__":"cc.Color","r":214,"g":214,"b":214},"_N$target":{"__id__":95},"checkMark":{"__id__":98},"checkEvents":[{"__type__":"cc.ClickEvent","target":{"__id__":30},"_componentId":"6d532dmaC9AxKaQKyUQCGHS","handler":"mnfChange2","customEventData":"1"}]}],"_contentSize":{"__type__":"cc.Size","width":41,"height":28},"_trs":{"__type__":"TypedArray","ctor":"Float64Array","array":[-62,3,0,0,0,0,1,1,1,1]}},{"__type__":"cc.Node","_name":"Background","_parent":{"__id__":95},"_components":[{"__type__":"cc.Sprite","node":{"__id__":96},"_materials":[{"__uuid__":"ecpdLyjvZBwrvm+cedCcQy"}],"_spriteFrame":{"__uuid__":"e7q6FL+VZEgLJUjVeDLic/"},"_sizeMode":2,"_isTrimmedMode":false}],"_contentSize":{"__type__":"cc.Size","width":32,"height":32},"_trs":{"__type__":"TypedArray","ctor":"Float64Array","array":[0,0,0,0,0,0,1,1,1,1]}},{"__type__":"cc.Node","_name":"checkmark","_parent":{"__id__":95},"_components":[{"__id__":98}],"_contentSize":{"__type__":"cc.Size","width":32,"height":32},"_trs":{"__type__":"TypedArray","ctor":"Float64Array","array":[0,0,0,0,0,0,1,1,1,1]}},{"__type__":"cc.Sprite","node":{"__id__":97},"_materials":[{"__uuid__":"ecpdLyjvZBwrvm+cedCcQy"}],"_spriteFrame":{"__uuid__":"1aMvx28L1PZpgPVpKcDKCz"},"_sizeMode":2,"_isTrimmedMode":false},{"__type__":"cc.Node","_name":"New Label","_parent":{"__id__":95},"_components":[{"__type__":"cc.Label","node":{"__id__":99},"_materials":[{"__uuid__":"ecpdLyjvZBwrvm+cedCcQy"}],"_useOriginalSize":false,"_string":"1","_N$string":"1","_N$horizontalAlign":1,"_N$verticalAlign":1}],"_contentSize":{"__type__":"cc.Size","width":22.25,"height":50.4},"_trs":{"__type__":"TypedArray","ctor":"Float64Array","array":[1.608,43.943,0,0,0,0,1,1,1,1]}},{"__type__":"cc.Node","_name":"toggle2","_parent":{"__id__":94},"_children":[{"__id__":101},{"__id__":102},{"__id__":104}],"_components":[{"__type__":"cc.Toggle","node":{"__id__":100},"_N$interactable":false,"_N$transition":3,"transition":3,"_N$normalColor":{"__type__":"cc.Color","r":214,"g":214,"b":214},"_N$target":{"__id__":100},"_N$isChecked":false,"checkMark":{"__id__":103},"checkEvents":[{"__type__":"cc.ClickEvent","target":{"__id__":30},"_componentId":"6d532dmaC9AxKaQKyUQCGHS","handler":"mnfChange2","customEventData":"2"}]}],"_contentSize":{"__type__":"cc.Size","width":42,"height":28},"_trs":{"__type__":"TypedArray","ctor":"Float64Array","array":[15,3,0,0,0,0,1,1,1,1]}},{"__type__":"cc.Node","_name":"Background","_parent":{"__id__":100},"_components":[{"__type__":"cc.Sprite","node":{"__id__":101},"_materials":[{"__uuid__":"ecpdLyjvZBwrvm+cedCcQy"}],"_spriteFrame":{"__uuid__":"e7q6FL+VZEgLJUjVeDLic/"},"_sizeMode":2,"_isTrimmedMode":false}],"_contentSize":{"__type__":"cc.Size","width":32,"height":32},"_trs":{"__type__":"TypedArray","ctor":"Float64Array","array":[0,0,0,0,0,0,1,1,1,1]}},{"__type__":"cc.Node","_name":"checkmark","_parent":{"__id__":100},"_active":false,"_components":[{"__id__":103}],"_contentSize":{"__type__":"cc.Size","width":32,"height":32},"_trs":{"__type__":"TypedArray","ctor":"Float64Array","array":[0,0,0,0,0,0,1,1,1,1]}},{"__type__":"cc.Sprite","node":{"__id__":102},"_spriteFrame":{"__uuid__":"1aMvx28L1PZpgPVpKcDKCz"},"_sizeMode":2,"_isTrimmedMode":false},{"__type__":"cc.Node","_name":"New Label","_parent":{"__id__":100},"_components":[{"__type__":"cc.Label","node":{"__id__":104},"_materials":[{"__uuid__":"ecpdLyjvZBwrvm+cedCcQy"}],"_useOriginalSize":false,"_string":"2","_N$string":"2","_N$horizontalAlign":1,"_N$verticalAlign":1}],"_contentSize":{"__type__":"cc.Size","width":22.25,"height":50.4},"_trs":{"__type__":"TypedArray","ctor":"Float64Array","array":[2.679,46.086,0,0,0,0,1,1,1,1]}},{"__type__":"cc.Node","_name":"toggle3","_parent":{"__id__":94},"_children":[{"__id__":106},{"__id__":107},{"__id__":109}],"_components":[{"__type__":"cc.Toggle","node":{"__id__":105},"_N$interactable":false,"_N$transition":3,"transition":3,"_N$normalColor":{"__type__":"cc.Color","r":214,"g":214,"b":214},"_N$target":{"__id__":105},"_N$isChecked":false,"checkMark":{"__id__":108},"checkEvents":[{"__type__":"cc.ClickEvent","target":{"__id__":30},"_componentId":"6d532dmaC9AxKaQKyUQCGHS","handler":"mnfChange2","customEventData":"3"}]}],"_contentSize":{"__type__":"cc.Size","width":37,"height":28},"_trs":{"__type__":"TypedArray","ctor":"Float64Array","array":[91,3,0,0,0,0,1,1,1,1]}},{"__type__":"cc.Node","_name":"Background","_parent":{"__id__":105},"_components":[{"__type__":"cc.Sprite","node":{"__id__":106},"_materials":[{"__uuid__":"ecpdLyjvZBwrvm+cedCcQy"}],"_spriteFrame":{"__uuid__":"e7q6FL+VZEgLJUjVeDLic/"},"_sizeMode":2,"_isTrimmedMode":false}],"_contentSize":{"__type__":"cc.Size","width":32,"height":32},"_trs":{"__type__":"TypedArray","ctor":"Float64Array","array":[0,0,0,0,0,0,1,1,1,1]}},{"__type__":"cc.Node","_name":"checkmark","_parent":{"__id__":105},"_active":false,"_components":[{"__id__":108}],"_contentSize":{"__type__":"cc.Size","width":32,"height":32},"_trs":{"__type__":"TypedArray","ctor":"Float64Array","array":[0,0,0,0,0,0,1,1,1,1]}},{"__type__":"cc.Sprite","node":{"__id__":107},"_spriteFrame":{"__uuid__":"1aMvx28L1PZpgPVpKcDKCz"},"_sizeMode":2,"_isTrimmedMode":false},{"__type__":"cc.Node","_name":"New Label","_parent":{"__id__":105},"_components":[{"__type__":"cc.Label","node":{"__id__":109},"_materials":[{"__uuid__":"ecpdLyjvZBwrvm+cedCcQy"}],"_useOriginalSize":false,"_string":"3","_N$string":"3","_N$horizontalAlign":1,"_N$verticalAlign":1}],"_contentSize":{"__type__":"cc.Size","width":22.25,"height":50.4},"_trs":{"__type__":"TypedArray","ctor":"Float64Array","array":[1.608,45.014,0,0,0,0,1,1,1,1]}},{"__type__":"cc.Node","_name":"toggle4","_parent":{"__id__":94},"_children":[{"__id__":111},{"__id__":112},{"__id__":114}],"_components":[{"__type__":"cc.Toggle","node":{"__id__":110},"_N$interactable":false,"_N$transition":3,"transition":3,"_N$normalColor":{"__type__":"cc.Color","r":214,"g":214,"b":214},"_N$target":{"__id__":110},"_N$isChecked":false,"checkMark":{"__id__":113},"checkEvents":[{"__type__":"cc.ClickEvent","target":{"__id__":30},"_componentId":"6d532dmaC9AxKaQKyUQCGHS","handler":"mnfChange2","customEventData":"4"}]}],"_contentSize":{"__type__":"cc.Size","width":37,"height":28},"_trs":{"__type__":"TypedArray","ctor":"Float64Array","array":[166,3,0,0,0,0,1,1,1,1]}},{"__type__":"cc.Node","_name":"Background","_parent":{"__id__":110},"_components":[{"__type__":"cc.Sprite","node":{"__id__":111},"_materials":[{"__uuid__":"ecpdLyjvZBwrvm+cedCcQy"}],"_spriteFrame":{"__uuid__":"e7q6FL+VZEgLJUjVeDLic/"},"_sizeMode":2,"_isTrimmedMode":false}],"_contentSize":{"__type__":"cc.Size","width":32,"height":32},"_trs":{"__type__":"TypedArray","ctor":"Float64Array","array":[0,0,0,0,0,0,1,1,1,1]}},{"__type__":"cc.Node","_name":"checkmark","_parent":{"__id__":110},"_active":false,"_components":[{"__id__":113}],"_contentSize":{"__type__":"cc.Size","width":32,"height":32},"_trs":{"__type__":"TypedArray","ctor":"Float64Array","array":[0,0,0,0,0,0,1,1,1,1]}},{"__type__":"cc.Sprite","node":{"__id__":112},"_spriteFrame":{"__uuid__":"1aMvx28L1PZpgPVpKcDKCz"},"_sizeMode":2,"_isTrimmedMode":false},{"__type__":"cc.Node","_name":"New Label","_parent":{"__id__":110},"_components":[{"__type__":"cc.Label","node":{"__id__":114},"_materials":[{"__uuid__":"ecpdLyjvZBwrvm+cedCcQy"}],"_useOriginalSize":false,"_string":"4","_N$string":"4","_N$horizontalAlign":1,"_N$verticalAlign":1}],"_contentSize":{"__type__":"cc.Size","width":22.25,"height":50.4},"_trs":{"__type__":"TypedArray","ctor":"Float64Array","array":[1.608,45.014,0,0,0,0,1,1,1,1]}},{"__type__":"cc.Node","_name":"label2","_parent":{"__id__":94},"_components":[{"__type__":"cc.Label","node":{"__id__":115},"_materials":[{"__uuid__":"ecpdLyjvZBwrvm+cedCcQy"}],"_useOriginalSize":false,"_string":"倍率：","_N$string":"倍率：","_styleFlags":1,"_N$horizontalAlign":1,"_N$verticalAlign":1,"_N$fontFamily":"KAITI"}],"_color":{"__type__":"cc.Color"},"_contentSize":{"__type__":"cc.Size","width":122.34,"height":50.4},"_trs":{"__type__":"TypedArray","ctor":"Float64Array","array":[-129.599,7.134,0,0,0,0,1,1,1,1]}},{"__type__":"cc.Node","_name":"s1","_parent":{"__id__":1},"_components":[{"__type__":"cc.Label","node":{"__id__":116},"_materials":[{"__uuid__":"ecpdLyjvZBwrvm+cedCcQy"}],"_useOriginalSize":false,"_fontSize":30,"_styleFlags":1,"_N$horizontalAlign":1,"_N$verticalAlign":1,"_N$fontFamily":"KAITI"}],"_contentSize":{"__type__":"cc.Size","height":50.4},"_trs":{"__type__":"TypedArray","ctor":"Float64Array","array":[70,280,0,0,0,0,1,1,1,1]},"_id":"ae+eZaHLZK6o1GLs9/hvCL"},{"__type__":"cc.Node","_name":"s2","_parent":{"__id__":1},"_components":[{"__type__":"cc.Label","node":{"__id__":117},"_materials":[{"__uuid__":"ecpdLyjvZBwrvm+cedCcQy"}],"_useOriginalSize":false,"_fontSize":30,"_styleFlags":1,"_N$horizontalAlign":1,"_N$verticalAlign":1,"_N$fontFamily":"KAITI"}],"_color":{"__type__":"cc.Color","r":63,"g":9,"b":233},"_contentSize":{"__type__":"cc.Size","height":50.4},"_trs":{"__type__":"TypedArray","ctor":"Float64Array","array":[70,482,0,0,0,0,1,1,1,1]},"_id":"71z2CqwoNOpa+k7Ssjv6Mx"},{"__type__":"cc.Node","_name":"audio","_parent":{"__id__":1},"_components":[{"__type__":"cc.AudioSource","node":{"__id__":118},"_clip":{"__uuid__":"960x9xKNRH67+P2XUv0TOk"},"_loop":true,"playOnLoad":true}],"_trs":{"__type__":"TypedArray","ctor":"Float64Array","array":[0,0,0,0,0,0,1,1,1,1]},"_id":"97lKYEehZEJLT+/npIbQTM"}],{"__type__":"cc.SpriteFrame","content":{"name":"骰子","texture":"11U0/7MXlPm7JdO8t3glNx","rect":[2,2,95,95],"offset":[0,0],"originalSize":[99,99],"capInsets":[0,0,0,0]}},{"__type__":"cc.SpriteFrame","content":{"name":"木头","texture":"29QrXuR8lKJbe9+VMnM756","rect":[0,0,519,720],"offset":[0,0],"originalSize":[519,720],"capInsets":[0,0,0,0]}},{"__type__":"cc.SpriteFrame","content":{"name":"default_radio_button_off","texture":"56fc2Ai/RFNYpaMT8crweK","rect":[3,3,26,26],"offset":[0,0],"originalSize":[32,32],"capInsets":[0,0,0,0]}}]