[{"__type__":"cc.SpriteFrame","content":{"name":"填充","texture":"b38d5yzXBH7pYoHwpw3x0W","rect":[0,0,42,57],"offset":[0,0],"originalSize":[42,57],"capInsets":[0,0,0,0]}},{"__type__":"cc.AudioClip","_name":"溯（钢琴版）_爱给网_aigei_com","_native":".mp3"},{"__type__":"cc.SpriteFrame","content":{"name":"材质","texture":"17X0rGDKtE3aHALLAyT6bq","rect":[0,0,180,36],"offset":[0,0],"originalSize":[180,36],"capInsets":[0,0,0,0]}},{"__type__":"cc.SpriteFrame","content":{"name":"灯泡","texture":"20RYVyeZhNCZIwIcMs0Iy5","rect":[87,40,509,672],"offset":[-3.5,-6],"originalSize":[690,740],"capInsets":[0,0,0,0]}},[{"__type__":"cc.SceneAsset","_name":"欢迎界面","scene":{"__id__":1},"asyncLoadAssets":null},{"__type__":"cc.Scene","_name":"New Node","_children":[{"__id__":2},{"__id__":4},{"__id__":19},{"__id__":8},{"__id__":21}],"_anchorPoint":{"__type__":"cc.Vec2"},"_trs":{"__type__":"TypedArray","ctor":"Float64Array","array":[0,0,0,0,0,0,1,1,1,1]},"autoReleaseAssets":false},{"__type__":"cc.Node","_name":"Canvas","_parent":{"__id__":1},"_children":[{"__id__":3}],"_components":[{"__type__":"cc.Canvas","node":{"__id__":2},"_designResolution":{"__type__":"cc.Size","width":437,"height":752},"_fitWidth":true},{"__type__":"cc.Widget","node":{"__id__":2},"_alignFlags":45}],"_contentSize":{"__type__":"cc.Size","width":437,"height":752},"_trs":{"__type__":"TypedArray","ctor":"Float64Array","array":[218.5,376,0,0,0,0,1,1,1,1]},"_id":"aaRNf+snpFj47mNjp3eQvr"},{"__type__":"cc.Node","_name":"Main Camera","_parent":{"__id__":2},"_components":[{"__type__":"cc.Camera","node":{"__id__":3},"_clearFlags":7,"_depth":-1}],"_trs":{"__type__":"TypedArray","ctor":"Float64Array","array":[0,0,289.33909269018056,0,0,0,1,1,1,1]}},{"__type__":"cc.Node","_name":"bg","_parent":{"__id__":1},"_children":[{"__id__":5},{"__id__":9},{"__id__":12},{"__id__":15}],"_components":[{"__type__":"cc.Sprite","node":{"__id__":4},"_materials":[{"__uuid__":"ecpdLyjvZBwrvm+cedCcQy"}],"_spriteFrame":{"__uuid__":"ffoagLCeFGO62cazG0tBoH"}}],"_contentSize":{"__type__":"cc.Size","width":437,"height":752},"_anchorPoint":{"__type__":"cc.Vec2"},"_trs":{"__type__":"TypedArray","ctor":"Float64Array","array":[0,0,0,0,0,0,1,1,1,1]},"_id":"e5jnjjludE/5Fn0GNKN1nJ"},{"__type__":"cc.Node","_name":"button1","_parent":{"__id__":4},"_children":[{"__id__":6}],"_components":[{"__type__":"cc.Button","node":{"__id__":5},"_normalMaterial":{"__uuid__":"ecpdLyjvZBwrvm+cedCcQy"},"clickEvents":[{"__type__":"cc.ClickEvent","target":{"__id__":8},"_componentId":"7392fAhbbFOvZzmmZpmTOmL","handler":"click1"}],"_N$transition":2,"transition":2,"_N$normalColor":{"__type__":"cc.Color","r":230,"g":230,"b":230},"_N$pressedColor":{"__type__":"cc.Color","r":200,"g":200,"b":200},"pressedColor":{"__type__":"cc.Color","r":200,"g":200,"b":200},"_N$disabledColor":{"__type__":"cc.Color","r":120,"g":120,"b":120,"a":200},"_N$normalSprite":{"__uuid__":"2dVplU+xVGwIfCM+M5NoSU"},"_N$target":{"__id__":6}},null],"_contentSize":{"__type__":"cc.Size","width":203,"height":52},"_trs":{"__type__":"TypedArray","ctor":"Float64Array","array":[209.293,326.561,0,0,0,0,1,1,1,1]}},{"__type__":"cc.Node","_name":"Background","_parent":{"__id__":5},"_children":[{"__id__":7}],"_components":[{"__type__":"cc.Sprite","node":{"__id__":6},"_materials":[{"__uuid__":"ecpdLyjvZBwrvm+cedCcQy"}],"_spriteFrame":{"__uuid__":"2dVplU+xVGwIfCM+M5NoSU"},"_type":1,"_sizeMode":0},{"__type__":"cc.Widget","node":{"__id__":6},"alignMode":0,"_alignFlags":45,"_left":-0.378999999999996,"_right":0.378999999999996,"_top":3.724000000000001,"_bottom":-3.724000000000001,"_originalWidth":100,"_originalHeight":40}],"_contentSize":{"__type__":"cc.Size","width":203,"height":52},"_trs":{"__type__":"TypedArray","ctor":"Float64Array","array":[-0.3789999999999907,-3.724,0,0,0,0,1,1,1,1]}},{"__type__":"cc.Node","_name":"Label","_parent":{"__id__":6},"_components":[{"__type__":"cc.Label","node":{"__id__":7},"_materials":[{"__uuid__":"ecpdLyjvZBwrvm+cedCcQy"}],"_useOriginalSize":false,"_string":"本地模式","_N$string":"本地模式","_enableWrapText":false,"_styleFlags":1,"_N$horizontalAlign":1,"_N$verticalAlign":1,"_N$fontFamily":"KAITI","_N$overflow":1,"_N$cacheMode":1}],"_color":{"__type__":"cc.Color","r":103,"g":73,"b":35},"_contentSize":{"__type__":"cc.Size","width":200,"height":45},"_trs":{"__type__":"TypedArray","ctor":"Float64Array","array":[4.267,2.511,0,0,0,0,1,1,1,1]}},{"__type__":"cc.Node","_name":"sceneControl","_parent":{"__id__":1},"_components":[{"__type__":"7392fAhbbFOvZzmmZpmTOmL","node":{"__id__":8}}],"_trs":{"__type__":"TypedArray","ctor":"Float64Array","array":[0,0,0,0,0,0,1,1,1,1]},"_id":"c2qUdJVRpM0LG4sOCwZb+A"},{"__type__":"cc.Node","_name":"button2","_parent":{"__id__":4},"_children":[{"__id__":10}],"_components":[{"__type__":"cc.Button","node":{"__id__":9},"_normalMaterial":{"__uuid__":"ecpdLyjvZBwrvm+cedCcQy"},"clickEvents":[{"__type__":"cc.ClickEvent","target":{"__id__":8},"_componentId":"7392fAhbbFOvZzmmZpmTOmL","handler":"click2"}],"_N$transition":2,"transition":2,"_N$normalColor":{"__type__":"cc.Color","r":230,"g":230,"b":230},"_N$pressedColor":{"__type__":"cc.Color","r":200,"g":200,"b":200},"pressedColor":{"__type__":"cc.Color","r":200,"g":200,"b":200},"_N$disabledColor":{"__type__":"cc.Color","r":120,"g":120,"b":120,"a":200},"_N$normalSprite":{"__uuid__":"2dVplU+xVGwIfCM+M5NoSU"},"_N$target":{"__id__":10}},{"__type__":"93bc6Ca6D9NmLEOHu5y9ZlY","node":{"__id__":9}}],"_contentSize":{"__type__":"cc.Size","width":200,"height":51},"_trs":{"__type__":"TypedArray","ctor":"Float64Array","array":[212.771,226.411,0,0,0,0,1,1,1,1]}},{"__type__":"cc.Node","_name":"Background","_parent":{"__id__":9},"_children":[{"__id__":11}],"_components":[{"__type__":"cc.Sprite","node":{"__id__":10},"_materials":[{"__uuid__":"ecpdLyjvZBwrvm+cedCcQy"}],"_spriteFrame":{"__uuid__":"2dVplU+xVGwIfCM+M5NoSU"},"_type":1,"_sizeMode":0},{"__type__":"cc.Widget","node":{"__id__":10},"alignMode":0,"_alignFlags":45,"_originalWidth":100,"_originalHeight":40}],"_contentSize":{"__type__":"cc.Size","width":200,"height":51},"_trs":{"__type__":"TypedArray","ctor":"Float64Array","array":[0,0,0,0,0,0,1,1,1,1]}},{"__type__":"cc.Node","_name":"Label","_parent":{"__id__":10},"_components":[{"__type__":"cc.Label","node":{"__id__":11},"_materials":[{"__uuid__":"ecpdLyjvZBwrvm+cedCcQy"}],"_useOriginalSize":false,"_string":"人机模式","_N$string":"人机模式","_enableWrapText":false,"_styleFlags":1,"_N$horizontalAlign":1,"_N$verticalAlign":1,"_N$fontFamily":"KAITI","_N$overflow":1,"_N$cacheMode":1}],"_color":{"__type__":"cc.Color","r":103,"g":73,"b":35},"_contentSize":{"__type__":"cc.Size","width":200,"height":45},"_trs":{"__type__":"TypedArray","ctor":"Float64Array","array":[0,0,0,0,0,0,1,1,1,1]}},{"__type__":"cc.Node","_name":"button3","_parent":{"__id__":4},"_children":[{"__id__":13}],"_components":[{"__type__":"cc.Button","node":{"__id__":12},"_normalMaterial":{"__uuid__":"ecpdLyjvZBwrvm+cedCcQy"},"clickEvents":[{"__type__":"cc.ClickEvent","target":{"__id__":8},"_componentId":"7392fAhbbFOvZzmmZpmTOmL","handler":"click3"}],"_N$transition":2,"transition":2,"_N$normalColor":{"__type__":"cc.Color","r":230,"g":230,"b":230},"_N$pressedColor":{"__type__":"cc.Color","r":200,"g":200,"b":200},"pressedColor":{"__type__":"cc.Color","r":200,"g":200,"b":200},"_N$disabledColor":{"__type__":"cc.Color","r":120,"g":120,"b":120,"a":200},"_N$normalSprite":{"__uuid__":"2dVplU+xVGwIfCM+M5NoSU"},"_N$target":{"__id__":13}},null],"_contentSize":{"__type__":"cc.Size","width":200,"height":54},"_trs":{"__type__":"TypedArray","ctor":"Float64Array","array":[214.372,131.58,0,0,0,0,1,1,1,1]}},{"__type__":"cc.Node","_name":"Background","_parent":{"__id__":12},"_children":[{"__id__":14}],"_components":[{"__type__":"cc.Sprite","node":{"__id__":13},"_materials":[{"__uuid__":"ecpdLyjvZBwrvm+cedCcQy"}],"_spriteFrame":{"__uuid__":"2dVplU+xVGwIfCM+M5NoSU"},"_type":1,"_sizeMode":0},{"__type__":"cc.Widget","node":{"__id__":13},"alignMode":0,"_alignFlags":45,"_left":-0.3620000000000043,"_right":0.3620000000000043,"_top":-0.5,"_bottom":-2.4999999999999987,"_originalWidth":100,"_originalHeight":40}],"_contentSize":{"__type__":"cc.Size","width":200,"height":57},"_trs":{"__type__":"TypedArray","ctor":"Float64Array","array":[-0.362000000000009,-1,0,0,0,0,1,1,1,1]}},{"__type__":"cc.Node","_name":"Label","_parent":{"__id__":13},"_components":[{"__type__":"cc.Label","node":{"__id__":14},"_materials":[{"__uuid__":"ecpdLyjvZBwrvm+cedCcQy"}],"_useOriginalSize":false,"_string":"联机模式","_N$string":"联机模式","_enableWrapText":false,"_styleFlags":1,"_N$horizontalAlign":1,"_N$verticalAlign":1,"_N$fontFamily":"KAITI","_N$overflow":1,"_N$cacheMode":1}],"_color":{"__type__":"cc.Color","r":103,"g":73,"b":35},"_contentSize":{"__type__":"cc.Size","width":200,"height":45},"_trs":{"__type__":"TypedArray","ctor":"Float64Array","array":[-2.936,-2.107,0,0,0,0,1,1,1,1]}},{"__type__":"cc.Node","_name":"灯泡","_parent":{"__id__":4},"_children":[{"__id__":16}],"_components":[{"__type__":"cc.Sprite","node":{"__id__":15},"_materials":[{"__uuid__":"ecpdLyjvZBwrvm+cedCcQy"}],"_spriteFrame":{"__uuid__":"7eCvEBgRNOD4lGyJOguyCY"},"_sizeMode":0}],"_contentSize":{"__type__":"cc.Size","width":40,"height":50},"_trs":{"__type__":"TypedArray","ctor":"Float64Array","array":[318.772,721.927,0,0,0,0,1,1,1,1]}},{"__type__":"cc.Node","_name":"Button","_parent":{"__id__":15},"_children":[{"__id__":17}],"_components":[{"__type__":"cc.Button","node":{"__id__":16},"_normalMaterial":{"__uuid__":"ecpdLyjvZBwrvm+cedCcQy"},"clickEvents":[{"__type__":"cc.ClickEvent","target":{"__id__":8},"_componentId":"7392fAhbbFOvZzmmZpmTOmL","handler":"rule"}],"_N$transition":2,"transition":2,"_N$normalColor":{"__type__":"cc.Color","r":230,"g":230,"b":230},"_N$pressedColor":{"__type__":"cc.Color","r":200,"g":200,"b":200},"pressedColor":{"__type__":"cc.Color","r":200,"g":200,"b":200},"_N$disabledColor":{"__type__":"cc.Color","r":120,"g":120,"b":120,"a":200},"_N$target":{"__id__":17}},{"__type__":"7392fAhbbFOvZzmmZpmTOmL","node":{"__id__":16}}],"_contentSize":{"__type__":"cc.Size","width":140,"height":50},"_trs":{"__type__":"TypedArray","ctor":"Float64Array","array":[48.147,-0.963,0,0,0,0,1,1,1,1]}},{"__type__":"cc.Node","_name":"Background","_parent":{"__id__":16},"_children":[{"__id__":18}],"_components":[{"__type__":"cc.Sprite","node":{"__id__":17},"_materials":[{"__uuid__":"ecpdLyjvZBwrvm+cedCcQy"}],"_type":1,"_sizeMode":0},{"__type__":"cc.Widget","node":{"__id__":17},"alignMode":0,"_alignFlags":45,"_left":14.444,"_right":-14.444,"_top":-2.8890000000000016,"_bottom":2.8890000000000016,"_originalWidth":100,"_originalHeight":40}],"_contentSize":{"__type__":"cc.Size","width":140,"height":50},"_trs":{"__type__":"TypedArray","ctor":"Float64Array","array":[14.444000000000003,2.889000000000003,0,0,0,0,1,1,1,1]}},{"__type__":"cc.Node","_name":"Label","_parent":{"__id__":17},"_components":[{"__type__":"cc.Label","node":{"__id__":18},"_materials":[{"__uuid__":"ecpdLyjvZBwrvm+cedCcQy"}],"_useOriginalSize":false,"_string":"游戏规则","_N$string":"游戏规则","_fontSize":20,"_enableWrapText":false,"_styleFlags":1,"_N$horizontalAlign":1,"_N$verticalAlign":1,"_N$fontFamily":"KAITI","_N$overflow":1,"_N$cacheMode":1}],"_color":{"__type__":"cc.Color"},"_contentSize":{"__type__":"cc.Size","width":100,"height":40},"_trs":{"__type__":"TypedArray","ctor":"Float64Array","array":[2.889,0,0,0,0,0,1,1,1,1]}},{"__type__":"cc.Node","_name":"titlebg","_parent":{"__id__":1},"_children":[{"__id__":20}],"_components":[{"__type__":"cc.Sprite","node":{"__id__":19},"_materials":[{"__uuid__":"ecpdLyjvZBwrvm+cedCcQy"}],"_spriteFrame":{"__uuid__":"6euBXBG7BFR4jU9fF1u/5j"},"_sizeMode":0}],"_contentSize":{"__type__":"cc.Size","width":437,"height":105},"_trs":{"__type__":"TypedArray","ctor":"Float64Array","array":[217.663,588.941,0,0,0,0,1,1,1,1]},"_id":"9eq/UVlbFJzJIMBNJ/b48n"},{"__type__":"cc.Node","_name":"New Label","_parent":{"__id__":19},"_components":[{"__type__":"cc.Label","node":{"__id__":20},"_materials":[{"__uuid__":"ecpdLyjvZBwrvm+cedCcQy"}],"_useOriginalSize":false,"_string":"酒 馆 战 棋","_N$string":"酒 馆 战 棋","_fontSize":60,"_lineHeight":60,"_styleFlags":1,"_N$horizontalAlign":1,"_N$verticalAlign":1,"_N$fontFamily":"KAITI","_N$overflow":1}],"_contentSize":{"__type__":"cc.Size","width":437,"height":105},"_trs":{"__type__":"TypedArray","ctor":"Float64Array","array":[0,0,0,0,0,0,1,1,1,1]}},{"__type__":"cc.Node","_name":"audio","_parent":{"__id__":1},"_components":[{"__type__":"cc.AudioSource","node":{"__id__":21},"_clip":{"__uuid__":"3fkLRHkHxBqbKzh+r5a/sL"},"_loop":true,"playOnLoad":true}],"_trs":{"__type__":"TypedArray","ctor":"Float64Array","array":[0,0,0,0,0,0,1,1,1,1]},"_id":"7cWD5ThP9ApY1tlGP0w3qU"}],{"__type__":"cc.SpriteFrame","content":{"name":"bg","texture":"c1SwHAFcpFK60v3+umXxOH","rect":[0,0,437,752],"offset":[0,0],"originalSize":[437,752],"capInsets":[0,0,0,0]}}]