[{"__type__":"cc.SpriteFrame","content":{"name":"1","texture":"21REFFZOdMsZSlmkdcHoQ6","rect":[1,1,78,78],"offset":[0,0],"originalSize":[80,80],"capInsets":[0,0,0,0]}},{"__type__":"cc.SpriteFrame","content":{"name":"default_btn_disabled","texture":"71VhFCTINJM6/Ky3oX9nBT","rect":[0,0,40,40],"offset":[0,0],"originalSize":[40,40],"capInsets":[12,12,12,12]}},{"__type__":"cc.SpriteFrame","content":{"name":"5","texture":"62vhlevhdHqaNPvB/A6Mqe","rect":[1,0,78,78],"offset":[0,0.5],"originalSize":[80,79],"capInsets":[0,0,0,0]}},{"__type__":"cc.SpriteFrame","content":{"name":"4","texture":"11ksoYrFhMeIQahCb45dQG","rect":[0,0,79,78],"offset":[-0.5,0.5],"originalSize":[80,79],"capInsets":[0,0,0,0]}},{"__type__":"cc.SpriteFrame","content":{"name":"2","texture":"08eOHi0kpBc7SG3Z2Ewt9C","rect":[1,0,78,80],"offset":[0,0.5],"originalSize":[80,81],"capInsets":[0,0,0,0]}},{"__type__":"cc.SpriteFrame","content":{"name":"default_sprite","texture":"6eBWFz0oVHPLIGQKf/9Thu","rect":[0,2,40,36],"offset":[0,0],"originalSize":[40,40],"capInsets":[0,0,0,0]}},{"__type__":"cc.SpriteFrame","content":{"name":"6","texture":"0fpMV2TaRNxa5FAjM6zKSd","rect":[1,0,79,78],"offset":[0.5,0.5],"originalSize":[80,79],"capInsets":[0,0,0,0]}},{"__type__":"cc.SpriteFrame","content":{"name":"木头","texture":"29QrXuR8lKJbe9+VMnM756","rect":[0,0,519,720],"offset":[0,0],"originalSize":[519,720],"capInsets":[0,0,0,0]}},[{"__type__":"cc.SceneAsset","_name":"test","scene":{"__id__":1},"asyncLoadAssets":null},{"__type__":"cc.Scene","_name":"New Node","_children":[{"__id__":2},{"__id__":4},{"__id__":5},{"__id__":6},{"__id__":7},{"__id__":8},{"__id__":9},{"__id__":10},{"__id__":11},{"__id__":12},{"__id__":15}],"_anchorPoint":{"__type__":"cc.Vec2"},"_trs":{"__type__":"TypedArray","ctor":"Float64Array","array":[0,0,0,0,0,0,1,1,1,1]},"autoReleaseAssets":false},{"__type__":"cc.Node","_name":"Canvas","_parent":{"__id__":1},"_children":[{"__id__":3}],"_components":[{"__type__":"cc.Canvas","node":{"__id__":2},"_designResolution":{"__type__":"cc.Size","width":437,"height":752}},{"__type__":"cc.Widget","node":{"__id__":2},"_alignFlags":45}],"_contentSize":{"__type__":"cc.Size","width":437,"height":752},"_trs":{"__type__":"TypedArray","ctor":"Float64Array","array":[218.5,376,0,0,0,0,1,1,1,1]},"_id":"a5esZu+45LA5mBpvttspPD"},{"__type__":"cc.Node","_name":"Main Camera","_parent":{"__id__":2},"_components":[{"__type__":"cc.Camera","node":{"__id__":3},"_clearFlags":7,"_depth":-1},{"__type__":"cc.Animation","node":{"__id__":3},"playOnLoad":true}],"_contentSize":{"__type__":"cc.Size","width":960,"height":640},"_trs":{"__type__":"TypedArray","ctor":"Float64Array","array":[0,0,273.75063542206067,0,0,0,1,1,1,1]}},{"__type__":"cc.Node","_name":"木头","_parent":{"__id__":1},"_components":[{"__type__":"cc.Sprite","node":{"__id__":4},"_materials":[{"__uuid__":"ecpdLyjvZBwrvm+cedCcQy"}],"_spriteFrame":{"__uuid__":"ccEYepwUtNrIFzhgTUdlAo"},"_sizeMode":0}],"_contentSize":{"__type__":"cc.Size","width":437,"height":752},"_anchorPoint":{"__type__":"cc.Vec2"},"_trs":{"__type__":"TypedArray","ctor":"Float64Array","array":[0,0,0,0,0,0,1,1,1,1]},"_id":"f4H9QVQR5GGIir6M6pn17L"},{"__type__":"cc.Node","_name":"1","_parent":{"__id__":1},"_components":[{"__type__":"cc.Sprite","node":{"__id__":5},"_materials":[{"__uuid__":"ecpdLyjvZBwrvm+cedCcQy"}],"_spriteFrame":{"__uuid__":"0cpRVxhZNAJIo9Z/T08rac"}},{"__type__":"cc.Animation","node":{"__id__":5},"_defaultClip":{"__uuid__":"741N8iu39DLaLiVu/uDKr2"},"_clips":[{"__uuid__":"741N8iu39DLaLiVu/uDKr2"}]}],"_contentSize":{"__type__":"cc.Size","width":78,"height":78},"_trs":{"__type__":"TypedArray","ctor":"Float64Array","array":[71,172,0,0,0,0,1,1,1,1]},"_id":"c3SCaOO+RNdbSZDT57yqEO"},{"__type__":"cc.Node","_name":"2","_parent":{"__id__":1},"_components":[{"__type__":"cc.Sprite","node":{"__id__":6},"_materials":[{"__uuid__":"ecpdLyjvZBwrvm+cedCcQy"}],"_spriteFrame":{"__uuid__":"63f2hjzA5ElKTFtzEv8OCq"}},{"__type__":"cc.Animation","node":{"__id__":6},"_defaultClip":{"__uuid__":"93w2+088tAbbVEVh+xE3r2"},"_clips":[{"__uuid__":"93w2+088tAbbVEVh+xE3r2"}]}],"_contentSize":{"__type__":"cc.Size","width":78,"height":80},"_trs":{"__type__":"TypedArray","ctor":"Float64Array","array":[193,181,0,0,0,0,1,1,1,1]},"_id":"82ybONOldJJqXhzMEplIn/"},{"__type__":"cc.Node","_name":"3","_parent":{"__id__":1},"_components":[{"__type__":"cc.Sprite","node":{"__id__":7},"_materials":[{"__uuid__":"ecpdLyjvZBwrvm+cedCcQy"}],"_spriteFrame":{"__uuid__":"efd6+h+rhI84MyjTDNAoNi"}},{"__type__":"cc.Animation","node":{"__id__":7},"_defaultClip":{"__uuid__":"57FoIM0m5MO4tnDaFzhLfW"},"_clips":[{"__uuid__":"57FoIM0m5MO4tnDaFzhLfW"}]}],"_contentSize":{"__type__":"cc.Size","width":79,"height":78},"_trs":{"__type__":"TypedArray","ctor":"Float64Array","array":[346,177,0,0,0,0,1,1,1,1]},"_id":"3aKdDU+c1B376mNMQxCxdI"},{"__type__":"cc.Node","_name":"4","_parent":{"__id__":1},"_components":[{"__type__":"cc.Sprite","node":{"__id__":8},"_materials":[{"__uuid__":"ecpdLyjvZBwrvm+cedCcQy"}],"_spriteFrame":{"__uuid__":"4fFGKZeuBJG7duzkK3HGCi"}},{"__type__":"cc.Animation","node":{"__id__":8},"_defaultClip":{"__uuid__":"fd6cQ2AjJN85e/wU/tS92P"},"_clips":[{"__uuid__":"fd6cQ2AjJN85e/wU/tS92P"}]}],"_contentSize":{"__type__":"cc.Size","width":79,"height":78},"_trs":{"__type__":"TypedArray","ctor":"Float64Array","array":[62,304,0,0,0,0,1,1,1,1]},"_id":"93KmExrINIlaWFytNaKDeP"},{"__type__":"cc.Node","_name":"5","_parent":{"__id__":1},"_components":[{"__type__":"cc.Sprite","node":{"__id__":9},"_materials":[{"__uuid__":"ecpdLyjvZBwrvm+cedCcQy"}],"_spriteFrame":{"__uuid__":"3fjxHQVVRLhbhwxaR3DGC4"}},{"__type__":"cc.Animation","node":{"__id__":9},"_defaultClip":{"__uuid__":"f12dNFG4xADKf5OkSb8y73"},"_clips":[{"__uuid__":"f12dNFG4xADKf5OkSb8y73"}]}],"_contentSize":{"__type__":"cc.Size","width":78,"height":78},"_trs":{"__type__":"TypedArray","ctor":"Float64Array","array":[202,313,0,0,0,0,1,1,1,1]},"_id":"0fKfcX3CBE7LqTsfBD2Qld"},{"__type__":"cc.Node","_name":"6","_parent":{"__id__":1},"_components":[{"__type__":"cc.Sprite","node":{"__id__":10},"_materials":[{"__uuid__":"ecpdLyjvZBwrvm+cedCcQy"}],"_spriteFrame":{"__uuid__":"90BxbrRP1NmKWYAAFQxsK/"}},{"__type__":"cc.Animation","node":{"__id__":10},"_defaultClip":{"__uuid__":"ccUP3QvRVAubqK6BitSaTx"},"_clips":[{"__uuid__":"ccUP3QvRVAubqK6BitSaTx"}]}],"_contentSize":{"__type__":"cc.Size","width":79,"height":78},"_trs":{"__type__":"TypedArray","ctor":"Float64Array","array":[339,327,0,0,0,0,1,1,1,1]},"_id":"41omuD2VVDGLUuZI9cSq6x"},{"__type__":"cc.Node","_name":"New Node","_parent":{"__id__":1},"_components":[{"__type__":"e3772/4xmZKQprGT2uSEreD","node":{"__id__":11}}],"_trs":{"__type__":"TypedArray","ctor":"Float64Array","array":[0,0,0,0,0,0,1,1,1,1]},"_id":"bdRxle6nZO25UEnnOtymqX"},{"__type__":"cc.Node","_name":"button","_parent":{"__id__":1},"_children":[{"__id__":13}],"_components":[{"__type__":"cc.Button","node":{"__id__":12},"clickEvents":[{"__type__":"cc.ClickEvent","target":{"__id__":11},"_componentId":"e3772/4xmZKQprGT2uSEreD","handler":"click"}],"_N$transition":2,"transition":2,"_N$normalColor":{"__type__":"cc.Color","r":230,"g":230,"b":230},"_N$pressedColor":{"__type__":"cc.Color","r":200,"g":200,"b":200},"pressedColor":{"__type__":"cc.Color","r":200,"g":200,"b":200},"_N$disabledColor":{"__type__":"cc.Color","r":120,"g":120,"b":120,"a":200},"_N$normalSprite":{"__uuid__":"f0BIwQ8D5Ml7nTNQbh1YlS"},"_N$pressedSprite":{"__uuid__":"e97GVMl6JHh5Ml5qEDdSGa"},"pressedSprite":{"__uuid__":"e97GVMl6JHh5Ml5qEDdSGa"},"_N$hoverSprite":{"__uuid__":"f0BIwQ8D5Ml7nTNQbh1YlS"},"hoverSprite":{"__uuid__":"f0BIwQ8D5Ml7nTNQbh1YlS"},"_N$disabledSprite":{"__uuid__":"29FYIk+N1GYaeWH/q1NxQO"},"_N$target":{"__id__":13}}],"_contentSize":{"__type__":"cc.Size","width":100,"height":40},"_trs":{"__type__":"TypedArray","ctor":"Float64Array","array":[206,514,0,0,0,0,1,1,1,1]},"_id":"5d6eNefeFNNJ7LTxvWxDgy"},{"__type__":"cc.Node","_name":"Background","_parent":{"__id__":12},"_children":[{"__id__":14}],"_components":[{"__type__":"cc.Sprite","node":{"__id__":13},"_materials":[{"__uuid__":"ecpdLyjvZBwrvm+cedCcQy"}],"_spriteFrame":{"__uuid__":"f0BIwQ8D5Ml7nTNQbh1YlS"},"_type":1,"_sizeMode":0},{"__type__":"cc.Widget","node":{"__id__":13},"alignMode":0,"_alignFlags":45,"_originalWidth":100,"_originalHeight":40}],"_contentSize":{"__type__":"cc.Size","width":100,"height":40},"_trs":{"__type__":"TypedArray","ctor":"Float64Array","array":[0,0,0,0,0,0,1,1,1,1]}},{"__type__":"cc.Node","_name":"Label","_parent":{"__id__":13},"_components":[{"__type__":"cc.Label","node":{"__id__":14},"_materials":[{"__uuid__":"ecpdLyjvZBwrvm+cedCcQy"}],"_useOriginalSize":false,"_string":"button","_N$string":"button","_fontSize":20,"_enableWrapText":false,"_N$horizontalAlign":1,"_N$verticalAlign":1,"_N$overflow":1,"_N$cacheMode":1}],"_color":{"__type__":"cc.Color"},"_contentSize":{"__type__":"cc.Size","width":100,"height":40},"_trs":{"__type__":"TypedArray","ctor":"Float64Array","array":[0,0,0,0,0,0,1,1,1,1]}},{"__type__":"cc.Node","_name":"label","_parent":{"__id__":1},"_children":[{"__id__":16}],"_components":[{"__type__":"cc.Label","node":{"__id__":15},"_materials":[{"__uuid__":"ecpdLyjvZBwrvm+cedCcQy"}],"_useOriginalSize":false,"_string":"欢乐豆50","_N$string":"欢乐豆50","_N$horizontalAlign":2,"_N$verticalAlign":1,"_N$overflow":1}],"_contentSize":{"__type__":"cc.Size","width":181.6,"height":50.4},"_trs":{"__type__":"TypedArray","ctor":"Float64Array","array":[185.952,366.692,0,0,0,0,1,1,1,1]},"_id":"23SXjkkY1E05LJiDiRWfEB"},{"__type__":"cc.Node","_name":"New Sprite","_parent":{"__id__":15},"_components":[{"__type__":"cc.Sprite","node":{"__id__":16},"_materials":[{"__uuid__":"ecpdLyjvZBwrvm+cedCcQy"}],"_spriteFrame":{"__uuid__":"8c20Sso/ZEn7NUfNSM+EBh"}}],"_contentSize":{"__type__":"cc.Size","width":40,"height":36},"_trs":{"__type__":"TypedArray","ctor":"Float64Array","array":[113.812,-1.184,0,0,0,0,1,1,1,1]}}],{"__type__":"cc.SpriteFrame","content":{"name":"default_btn_pressed","texture":"b4P/PCArtIdIH38t6mlw8Y","rect":[0,0,40,40],"offset":[0,0],"originalSize":[40,40],"capInsets":[12,12,12,12]}},{"__type__":"cc.SpriteFrame","content":{"name":"3","texture":"2egtjdXTJNaa7dNuM8A/+Q","rect":[0,1,79,78],"offset":[-0.5,0],"originalSize":[80,80],"capInsets":[0,0,0,0]}},{"__type__":"cc.SpriteFrame","content":{"name":"default_btn_normal","texture":"e8Ueib+qJEhL6mXAHdnwbi","rect":[0,0,40,40],"offset":[0,0],"originalSize":[40,40],"capInsets":[12,12,12,12]}}]