[{"__type__":"cc.SpriteFrame","content":{"name":"图层 16","texture":"6431htts9Ar4LSDvnGyHZ7","rect":[0,0,115,114],"offset":[0,0],"originalSize":[115,114],"capInsets":[0,0,0,0]}},{"__type__":"cc.SpriteFrame","content":{"name":"图层 11","texture":"e6PF2tAzNIVaBgG1teP20x","rect":[0,0,116,116],"offset":[0,0],"originalSize":[116,116],"capInsets":[0,0,0,0]}},{"__type__":"cc.SpriteFrame","content":{"name":"图层 12","texture":"21LAiTb11PKLLU5JNQxvyd","rect":[0,0,117,120],"offset":[0,0],"originalSize":[117,120],"capInsets":[0,0,0,0]}},{"__type__":"cc.SpriteFrame","content":{"name":"图层 4","texture":"5761jQeHFD8bZoYwEZVOFa","rect":[0,0,117,120],"offset":[0,0],"originalSize":[117,120],"capInsets":[0,0,0,0]}},{"__type__":"cc.SpriteFrame","content":{"name":"图层 8","texture":"21ZANdytRIIaZNIuUaGcS6","rect":[0,0,114,116],"offset":[0,0],"originalSize":[114,116],"capInsets":[0,0,0,0]}},{"__type__":"cc.SpriteFrame","content":{"name":"1","texture":"3c8p2eL+FCDaWlBsDVmveI","rect":[2,2,95,95],"offset":[0,0],"originalSize":[99,99],"capInsets":[0,0,0,0]}},{"__type__":"cc.SpriteFrame","content":{"name":"5","texture":"62vhlevhdHqaNPvB/A6Mqe","rect":[1,0,78,78],"offset":[0,0.5],"originalSize":[80,79],"capInsets":[0,0,0,0]}},{"__type__":"cc.SpriteFrame","content":{"name":"4","texture":"11ksoYrFhMeIQahCb45dQG","rect":[0,0,79,78],"offset":[-0.5,0.5],"originalSize":[80,79],"capInsets":[0,0,0,0]}},{"__type__":"cc.SpriteFrame","content":{"name":"图层 2","texture":"cf6vPOMbRPvbOREumpXvf5","rect":[0,0,117,120],"offset":[0,0],"originalSize":[117,120],"capInsets":[0,0,0,0]}},{"__type__":"cc.SpriteFrame","content":{"name":"图层 3","texture":"8dPjjhHG9F0IqTEAAWf5N7","rect":[0,0,117,120],"offset":[0,0],"originalSize":[117,120],"capInsets":[0,0,0,0]}},{"__type__":"cc.AnimationClip","_name":"3","_duration":0.9,"sample":40,"curveData":{"comps":{"cc.Sprite":{"spriteFrame":[{"frame":0,"value":{"__uuid__":"24dMy+PdhPnb/hJe47EdfG"}},{"frame":0.025,"value":{"__uuid__":"60aXm0NJZCVYQkpUtW09FF"}},{"frame":0.05,"value":{"__uuid__":"4fdlnU8xtCXKx56/MxMGXv"}},{"frame":0.075,"value":{"__uuid__":"50RgWDHOlA2r6qMmJfoFsU"}},{"frame":0.1,"value":{"__uuid__":"5dyL0X8KBMW4n7VCs1yA1o"}},{"frame":0.125,"value":{"__uuid__":"2dIt2xhzpDfJ/UyQHYRmcZ"}},{"frame":0.15,"value":{"__uuid__":"96BmGH5XtKz5V6UIFKRqZI"}},{"frame":0.175,"value":{"__uuid__":"caP8kDSoVEdIHEnR05zJI1"}},{"frame":0.2,"value":{"__uuid__":"36AUqzmbtEPqJ+gPrR61Zl"}},{"frame":0.225,"value":{"__uuid__":"98WHWc4p1CIoQjCjA3AjT/"}},{"frame":0.25,"value":{"__uuid__":"0dh/isN+1AQLmwQfVTKiF8"}},{"frame":0.275,"value":{"__uuid__":"d6OY8zKxBCJpdDxMvDDCJI"}},{"frame":0.3,"value":{"__uuid__":"d7AJd/XdVMVL3UODVONKI2"}},{"frame":0.325,"value":{"__uuid__":"aeRxYyhO9CErQ+9IFrT7pl"}},{"frame":0.35,"value":{"__uuid__":"c5nLJ0Y0pPLabJLH5UhLJb"}},{"frame":0.375,"value":{"__uuid__":"06yH4AJxNOQa/GVbIWzrNF"}},{"frame":0.4,"value":{"__uuid__":"d7AJd/XdVMVL3UODVONKI2"}},{"frame":0.425,"value":{"__uuid__":"60aXm0NJZCVYQkpUtW09FF"}},{"frame":0.45,"value":{"__uuid__":"4fdlnU8xtCXKx56/MxMGXv"}},{"frame":0.475,"value":{"__uuid__":"50RgWDHOlA2r6qMmJfoFsU"}},{"frame":0.5,"value":{"__uuid__":"5dyL0X8KBMW4n7VCs1yA1o"}},{"frame":0.525,"value":{"__uuid__":"2dIt2xhzpDfJ/UyQHYRmcZ"}},{"frame":0.55,"value":{"__uuid__":"96BmGH5XtKz5V6UIFKRqZI"}},{"frame":0.575,"value":{"__uuid__":"caP8kDSoVEdIHEnR05zJI1"}},{"frame":0.6,"value":{"__uuid__":"36AUqzmbtEPqJ+gPrR61Zl"}},{"frame":0.625,"value":{"__uuid__":"98WHWc4p1CIoQjCjA3AjT/"}},{"frame":0.65,"value":{"__uuid__":"0dh/isN+1AQLmwQfVTKiF8"}},{"frame":0.675,"value":{"__uuid__":"d6OY8zKxBCJpdDxMvDDCJI"}},{"frame":0.7,"value":{"__uuid__":"24dMy+PdhPnb/hJe47EdfG"}},{"frame":0.725,"value":{"__uuid__":"aeRxYyhO9CErQ+9IFrT7pl"}},{"frame":0.75,"value":{"__uuid__":"c5nLJ0Y0pPLabJLH5UhLJb"}},{"frame":0.775,"value":{"__uuid__":"06yH4AJxNOQa/GVbIWzrNF"}},{"frame":0.8,"value":{"__uuid__":"a3aVBuvo1G4oGjuQcuMOQC"}},{"frame":0.825,"value":{"__uuid__":"d7AJd/XdVMVL3UODVONKI2"}},{"frame":0.85,"value":{"__uuid__":"caP8kDSoVEdIHEnR05zJI1"}},{"frame":0.875,"value":{"__uuid__":"70RR90uI5BQrDlfIvem+dE"}}]}}}},{"__type__":"cc.SpriteFrame","content":{"name":"图层 5","texture":"a3nztUqgBMFo+Yg3BnF1CK","rect":[0,0,116,120],"offset":[0,0],"originalSize":[116,120],"capInsets":[0,0,0,0]}},{"__type__":"cc.SpriteFrame","content":{"name":"图层 1","texture":"12sqqUKLpDuqArlOVQ8y6x","rect":[0,0,117,120],"offset":[0,0],"originalSize":[117,120],"capInsets":[0,0,0,0]}},{"__type__":"cc.SpriteFrame","content":{"name":"2","texture":"08eOHi0kpBc7SG3Z2Ewt9C","rect":[1,0,78,80],"offset":[0,0.5],"originalSize":[80,81],"capInsets":[0,0,0,0]}},{"__type__":"cc.SpriteFrame","content":{"name":"6","texture":"14O1WIFRJEbpXVllnDN16j","rect":[2,0,95,95],"offset":[0.5,1],"originalSize":[98,97],"capInsets":[0,0,0,0]}},{"__type__":"cc.SpriteFrame","content":{"name":"3","texture":"60hlQBdchIIL4rPGmD9s0v","rect":[1,2,96,95],"offset":[-0.5,0],"originalSize":[99,99],"capInsets":[0,0,0,0]}},{"__type__":"cc.AnimationClip","_name":"1","_duration":0.9,"sample":40,"curveData":{"comps":{"cc.Sprite":{"spriteFrame":[{"frame":0,"value":{"__uuid__":"24dMy+PdhPnb/hJe47EdfG"}},{"frame":0.025,"value":{"__uuid__":"60aXm0NJZCVYQkpUtW09FF"}},{"frame":0.05,"value":{"__uuid__":"4fdlnU8xtCXKx56/MxMGXv"}},{"frame":0.075,"value":{"__uuid__":"50RgWDHOlA2r6qMmJfoFsU"}},{"frame":0.1,"value":{"__uuid__":"2dIt2xhzpDfJ/UyQHYRmcZ"}},{"frame":0.125,"value":{"__uuid__":"5dyL0X8KBMW4n7VCs1yA1o"}},{"frame":0.15,"value":{"__uuid__":"96BmGH5XtKz5V6UIFKRqZI"}},{"frame":0.175,"value":{"__uuid__":"caP8kDSoVEdIHEnR05zJI1"}},{"frame":0.2,"value":{"__uuid__":"36AUqzmbtEPqJ+gPrR61Zl"}},{"frame":0.225,"value":{"__uuid__":"98WHWc4p1CIoQjCjA3AjT/"}},{"frame":0.25,"value":{"__uuid__":"d6OY8zKxBCJpdDxMvDDCJI"}},{"frame":0.275,"value":{"__uuid__":"0dh/isN+1AQLmwQfVTKiF8"}},{"frame":0.3,"value":{"__uuid__":"d7AJd/XdVMVL3UODVONKI2"}},{"frame":0.325,"value":{"__uuid__":"aeRxYyhO9CErQ+9IFrT7pl"}},{"frame":0.35,"value":{"__uuid__":"c5nLJ0Y0pPLabJLH5UhLJb"}},{"frame":0.4,"value":{"__uuid__":"d7AJd/XdVMVL3UODVONKI2"}},{"frame":0.425,"value":{"__uuid__":"60aXm0NJZCVYQkpUtW09FF"}},{"frame":0.45,"value":{"__uuid__":"4fdlnU8xtCXKx56/MxMGXv"}},{"frame":0.475,"value":{"__uuid__":"50RgWDHOlA2r6qMmJfoFsU"}},{"frame":0.5,"value":{"__uuid__":"2dIt2xhzpDfJ/UyQHYRmcZ"}},{"frame":0.525,"value":{"__uuid__":"5dyL0X8KBMW4n7VCs1yA1o"}},{"frame":0.55,"value":{"__uuid__":"96BmGH5XtKz5V6UIFKRqZI"}},{"frame":0.575,"value":{"__uuid__":"caP8kDSoVEdIHEnR05zJI1"}},{"frame":0.6,"value":{"__uuid__":"36AUqzmbtEPqJ+gPrR61Zl"}},{"frame":0.625,"value":{"__uuid__":"98WHWc4p1CIoQjCjA3AjT/"}},{"frame":0.65,"value":{"__uuid__":"d6OY8zKxBCJpdDxMvDDCJI"}},{"frame":0.675,"value":{"__uuid__":"0dh/isN+1AQLmwQfVTKiF8"}},{"frame":0.7,"value":{"__uuid__":"24dMy+PdhPnb/hJe47EdfG"}},{"frame":0.725,"value":{"__uuid__":"aeRxYyhO9CErQ+9IFrT7pl"}},{"frame":0.75,"value":{"__uuid__":"c5nLJ0Y0pPLabJLH5UhLJb"}},{"frame":0.775,"value":{"__uuid__":"c5nLJ0Y0pPLabJLH5UhLJb"}},{"frame":0.8,"value":{"__uuid__":"24dMy+PdhPnb/hJe47EdfG"}},{"frame":0.825,"value":{"__uuid__":"0dh/isN+1AQLmwQfVTKiF8"}},{"frame":0.85,"value":{"__uuid__":"36AUqzmbtEPqJ+gPrR61Zl"}},{"frame":0.875,"value":{"__uuid__":"38IAGMaF9E/7MnYtormqgN"}}]}}}},{"__type__":"cc.AnimationClip","_name":"2","_duration":0.9,"sample":40,"curveData":{"comps":{"cc.Sprite":{"spriteFrame":[{"frame":0,"value":{"__uuid__":"24dMy+PdhPnb/hJe47EdfG"}},{"frame":0.025,"value":{"__uuid__":"36AUqzmbtEPqJ+gPrR61Zl"}},{"frame":0.05,"value":{"__uuid__":"60aXm0NJZCVYQkpUtW09FF"}},{"frame":0.075,"value":{"__uuid__":"4fdlnU8xtCXKx56/MxMGXv"}},{"frame":0.1,"value":{"__uuid__":"50RgWDHOlA2r6qMmJfoFsU"}},{"frame":0.125,"value":{"__uuid__":"2dIt2xhzpDfJ/UyQHYRmcZ"}},{"frame":0.15,"value":{"__uuid__":"5dyL0X8KBMW4n7VCs1yA1o"}},{"frame":0.175,"value":{"__uuid__":"96BmGH5XtKz5V6UIFKRqZI"}},{"frame":0.2,"value":{"__uuid__":"caP8kDSoVEdIHEnR05zJI1"}},{"frame":0.225,"value":{"__uuid__":"98WHWc4p1CIoQjCjA3AjT/"}},{"frame":0.25,"value":{"__uuid__":"d6OY8zKxBCJpdDxMvDDCJI"}},{"frame":0.275,"value":{"__uuid__":"0dh/isN+1AQLmwQfVTKiF8"}},{"frame":0.3,"value":{"__uuid__":"d7AJd/XdVMVL3UODVONKI2"}},{"frame":0.325,"value":{"__uuid__":"aeRxYyhO9CErQ+9IFrT7pl"}},{"frame":0.35,"value":{"__uuid__":"c5nLJ0Y0pPLabJLH5UhLJb"}},{"frame":0.375,"value":{"__uuid__":"d7AJd/XdVMVL3UODVONKI2"}},{"frame":0.4,"value":{"__uuid__":"98WHWc4p1CIoQjCjA3AjT/"}},{"frame":0.425,"value":{"__uuid__":"60aXm0NJZCVYQkpUtW09FF"}},{"frame":0.45,"value":{"__uuid__":"4fdlnU8xtCXKx56/MxMGXv"}},{"frame":0.475,"value":{"__uuid__":"50RgWDHOlA2r6qMmJfoFsU"}},{"frame":0.5,"value":{"__uuid__":"2dIt2xhzpDfJ/UyQHYRmcZ"}},{"frame":0.525,"value":{"__uuid__":"5dyL0X8KBMW4n7VCs1yA1o"}},{"frame":0.55,"value":{"__uuid__":"96BmGH5XtKz5V6UIFKRqZI"}},{"frame":0.575,"value":{"__uuid__":"caP8kDSoVEdIHEnR05zJI1"}},{"frame":0.6,"value":{"__uuid__":"36AUqzmbtEPqJ+gPrR61Zl"}},{"frame":0.625,"value":{"__uuid__":"d6OY8zKxBCJpdDxMvDDCJI"}},{"frame":0.65,"value":{"__uuid__":"0dh/isN+1AQLmwQfVTKiF8"}},{"frame":0.675,"value":{"__uuid__":"24dMy+PdhPnb/hJe47EdfG"}},{"frame":0.7,"value":{"__uuid__":"aeRxYyhO9CErQ+9IFrT7pl"}},{"frame":0.725,"value":{"__uuid__":"c5nLJ0Y0pPLabJLH5UhLJb"}},{"frame":0.75,"value":{"__uuid__":"24dMy+PdhPnb/hJe47EdfG"}},{"frame":0.775,"value":{"__uuid__":"98WHWc4p1CIoQjCjA3AjT/"}},{"frame":0.8,"value":{"__uuid__":"5dyL0X8KBMW4n7VCs1yA1o"}},{"frame":0.825,"value":{"__uuid__":"36AUqzmbtEPqJ+gPrR61Zl"}},{"frame":0.85,"value":{"__uuid__":"60aXm0NJZCVYQkpUtW09FF"}},{"frame":0.875,"value":{"__uuid__":"63f2hjzA5ElKTFtzEv8OCq"}}]}}}},{"__type__":"cc.SpriteFrame","content":{"name":"图层 6","texture":"4dBrH/FtBGKKUIpOHKYGuh","rect":[0,0,116,120],"offset":[0,0],"originalSize":[116,120],"capInsets":[0,0,0,0]}},{"__type__":"cc.SpriteFrame","content":{"name":"图层 9","texture":"b2dhtlhXNO34hZSyPOZX0t","rect":[0,0,113,115],"offset":[0,0],"originalSize":[113,115],"capInsets":[0,0,0,0]}},{"__type__":"cc.SpriteFrame","content":{"name":"图层 17","texture":"8c+bmcsytCjpIUx8579BNF","rect":[0,0,116,116],"offset":[0,0],"originalSize":[116,116],"capInsets":[0,0,0,0]}},{"__type__":"cc.SpriteFrame","content":{"name":"图层 14","texture":"7ccVWPGY1P5rcMy1H0E7KF","rect":[0,0,114,116],"offset":[0,0],"originalSize":[114,116],"capInsets":[0,0,0,0]}},{"__type__":"cc.SpriteFrame","content":{"name":"图层 15","texture":"a0tIhVOdZIhJ+4iV0R5lLh","rect":[0,0,113,115],"offset":[0,0],"originalSize":[113,115],"capInsets":[0,0,0,0]}},{"__type__":"cc.SpriteFrame","content":{"name":"图层 7","texture":"48pBgMf75Jur+/Y7GNahLq","rect":[0,0,116,120],"offset":[0,0],"originalSize":[116,120],"capInsets":[0,0,0,0]}},{"__type__":"cc.AnimationClip","_name":"6","_duration":0.9,"sample":40,"curveData":{"comps":{"cc.Sprite":{"spriteFrame":[{"frame":0,"value":{"__uuid__":"c5nLJ0Y0pPLabJLH5UhLJb"}},{"frame":0.025,"value":{"__uuid__":"36AUqzmbtEPqJ+gPrR61Zl"}},{"frame":0.05,"value":{"__uuid__":"60aXm0NJZCVYQkpUtW09FF"}},{"frame":0.075,"value":{"__uuid__":"4fdlnU8xtCXKx56/MxMGXv"}},{"frame":0.1,"value":{"__uuid__":"50RgWDHOlA2r6qMmJfoFsU"}},{"frame":0.125,"value":{"__uuid__":"2dIt2xhzpDfJ/UyQHYRmcZ"}},{"frame":0.15,"value":{"__uuid__":"5dyL0X8KBMW4n7VCs1yA1o"}},{"frame":0.175,"value":{"__uuid__":"96BmGH5XtKz5V6UIFKRqZI"}},{"frame":0.2,"value":{"__uuid__":"caP8kDSoVEdIHEnR05zJI1"}},{"frame":0.225,"value":{"__uuid__":"98WHWc4p1CIoQjCjA3AjT/"}},{"frame":0.25,"value":{"__uuid__":"d6OY8zKxBCJpdDxMvDDCJI"}},{"frame":0.275,"value":{"__uuid__":"0dh/isN+1AQLmwQfVTKiF8"}},{"frame":0.3,"value":{"__uuid__":"24dMy+PdhPnb/hJe47EdfG"}},{"frame":0.325,"value":{"__uuid__":"d7AJd/XdVMVL3UODVONKI2"}},{"frame":0.35,"value":{"__uuid__":"aeRxYyhO9CErQ+9IFrT7pl"}},{"frame":0.375,"value":{"__uuid__":"06yH4AJxNOQa/GVbIWzrNF"}},{"frame":0.4,"value":{"__uuid__":"a3aVBuvo1G4oGjuQcuMOQC"}},{"frame":0.425,"value":{"__uuid__":"d7AJd/XdVMVL3UODVONKI2"}},{"frame":0.45,"value":{"__uuid__":"36AUqzmbtEPqJ+gPrR61Zl"}},{"frame":0.475,"value":{"__uuid__":"60aXm0NJZCVYQkpUtW09FF"}},{"frame":0.5,"value":{"__uuid__":"4fdlnU8xtCXKx56/MxMGXv"}},{"frame":0.525,"value":{"__uuid__":"50RgWDHOlA2r6qMmJfoFsU"}},{"frame":0.55,"value":{"__uuid__":"2dIt2xhzpDfJ/UyQHYRmcZ"}},{"frame":0.575,"value":{"__uuid__":"5dyL0X8KBMW4n7VCs1yA1o"}},{"frame":0.6,"value":{"__uuid__":"96BmGH5XtKz5V6UIFKRqZI"}},{"frame":0.625,"value":{"__uuid__":"caP8kDSoVEdIHEnR05zJI1"}},{"frame":0.65,"value":{"__uuid__":"98WHWc4p1CIoQjCjA3AjT/"}},{"frame":0.675,"value":{"__uuid__":"d6OY8zKxBCJpdDxMvDDCJI"}},{"frame":0.7,"value":{"__uuid__":"0dh/isN+1AQLmwQfVTKiF8"}},{"frame":0.725,"value":{"__uuid__":"24dMy+PdhPnb/hJe47EdfG"}},{"frame":0.75,"value":{"__uuid__":"aeRxYyhO9CErQ+9IFrT7pl"}},{"frame":0.775,"value":{"__uuid__":"c5nLJ0Y0pPLabJLH5UhLJb"}},{"frame":0.8,"value":{"__uuid__":"06yH4AJxNOQa/GVbIWzrNF"}},{"frame":0.825,"value":{"__uuid__":"a3aVBuvo1G4oGjuQcuMOQC"}},{"frame":0.85,"value":{"__uuid__":"98WHWc4p1CIoQjCjA3AjT/"}},{"frame":0.875,"value":{"__uuid__":"69E10RJY1IMpM2CY22hrA2"}}]}}}},{"__type__":"cc.SpriteFrame","content":{"name":"图层 10","texture":"d1OfRoufNOkaCfo6JkP+lb","rect":[0,0,115,114],"offset":[0,0],"originalSize":[115,114],"capInsets":[0,0,0,0]}},{"__type__":"cc.SpriteFrame","content":{"name":"图层 13","texture":"dakPgP+4RDhZpzgPxOugI2","rect":[0,0,117,120],"offset":[0,0],"originalSize":[117,120],"capInsets":[0,0,0,0]}},{"__type__":"cc.AnimationClip","_name":"5","_duration":0.9,"sample":40,"curveData":{"comps":{"cc.Sprite":{"spriteFrame":[{"frame":0,"value":{"__uuid__":"aeRxYyhO9CErQ+9IFrT7pl"}},{"frame":0.025,"value":{"__uuid__":"60aXm0NJZCVYQkpUtW09FF"}},{"frame":0.05,"value":{"__uuid__":"4fdlnU8xtCXKx56/MxMGXv"}},{"frame":0.075,"value":{"__uuid__":"50RgWDHOlA2r6qMmJfoFsU"}},{"frame":0.1,"value":{"__uuid__":"2dIt2xhzpDfJ/UyQHYRmcZ"}},{"frame":0.125,"value":{"__uuid__":"5dyL0X8KBMW4n7VCs1yA1o"}},{"frame":0.15,"value":{"__uuid__":"caP8kDSoVEdIHEnR05zJI1"}},{"frame":0.175,"value":{"__uuid__":"96BmGH5XtKz5V6UIFKRqZI"}},{"frame":0.2,"value":{"__uuid__":"98WHWc4p1CIoQjCjA3AjT/"}},{"frame":0.225,"value":{"__uuid__":"36AUqzmbtEPqJ+gPrR61Zl"}},{"frame":0.25,"value":{"__uuid__":"d6OY8zKxBCJpdDxMvDDCJI"}},{"frame":0.275,"value":{"__uuid__":"0dh/isN+1AQLmwQfVTKiF8"}},{"frame":0.3,"value":{"__uuid__":"24dMy+PdhPnb/hJe47EdfG"}},{"frame":0.325,"value":{"__uuid__":"d7AJd/XdVMVL3UODVONKI2"}},{"frame":0.35,"value":{"__uuid__":"c5nLJ0Y0pPLabJLH5UhLJb"}},{"frame":0.375,"value":{"__uuid__":"06yH4AJxNOQa/GVbIWzrNF"}},{"frame":0.4,"value":{"__uuid__":"a3aVBuvo1G4oGjuQcuMOQC"}},{"frame":0.425,"value":{"__uuid__":"06yH4AJxNOQa/GVbIWzrNF"}},{"frame":0.45,"value":{"__uuid__":"60aXm0NJZCVYQkpUtW09FF"}},{"frame":0.475,"value":{"__uuid__":"4fdlnU8xtCXKx56/MxMGXv"}},{"frame":0.5,"value":{"__uuid__":"50RgWDHOlA2r6qMmJfoFsU"}},{"frame":0.525,"value":{"__uuid__":"2dIt2xhzpDfJ/UyQHYRmcZ"}},{"frame":0.55,"value":{"__uuid__":"5dyL0X8KBMW4n7VCs1yA1o"}},{"frame":0.575,"value":{"__uuid__":"caP8kDSoVEdIHEnR05zJI1"}},{"frame":0.6,"value":{"__uuid__":"96BmGH5XtKz5V6UIFKRqZI"}},{"frame":0.625,"value":{"__uuid__":"98WHWc4p1CIoQjCjA3AjT/"}},{"frame":0.65,"value":{"__uuid__":"36AUqzmbtEPqJ+gPrR61Zl"}},{"frame":0.675,"value":{"__uuid__":"d6OY8zKxBCJpdDxMvDDCJI"}},{"frame":0.7,"value":{"__uuid__":"0dh/isN+1AQLmwQfVTKiF8"}},{"frame":0.725,"value":{"__uuid__":"24dMy+PdhPnb/hJe47EdfG"}},{"frame":0.75,"value":{"__uuid__":"d7AJd/XdVMVL3UODVONKI2"}},{"frame":0.775,"value":{"__uuid__":"aeRxYyhO9CErQ+9IFrT7pl"}},{"frame":0.8,"value":{"__uuid__":"c5nLJ0Y0pPLabJLH5UhLJb"}},{"frame":0.825,"value":{"__uuid__":"a3aVBuvo1G4oGjuQcuMOQC"}},{"frame":0.85,"value":{"__uuid__":"36AUqzmbtEPqJ+gPrR61Zl"}},{"frame":0.875,"value":{"__uuid__":"3fjxHQVVRLhbhwxaR3DGC4"}}]}}}},{"__type__":"cc.AnimationClip","_name":"4","_duration":0.9,"sample":40,"curveData":{"comps":{"cc.Sprite":{"spriteFrame":[{"frame":0,"value":{"__uuid__":"aeRxYyhO9CErQ+9IFrT7pl"}},{"frame":0.025,"value":{"__uuid__":"60aXm0NJZCVYQkpUtW09FF"}},{"frame":0.05,"value":{"__uuid__":"4fdlnU8xtCXKx56/MxMGXv"}},{"frame":0.075,"value":{"__uuid__":"50RgWDHOlA2r6qMmJfoFsU"}},{"frame":0.1,"value":{"__uuid__":"2dIt2xhzpDfJ/UyQHYRmcZ"}},{"frame":0.125,"value":{"__uuid__":"5dyL0X8KBMW4n7VCs1yA1o"}},{"frame":0.15,"value":{"__uuid__":"96BmGH5XtKz5V6UIFKRqZI"}},{"frame":0.175,"value":{"__uuid__":"caP8kDSoVEdIHEnR05zJI1"}},{"frame":0.2,"value":{"__uuid__":"36AUqzmbtEPqJ+gPrR61Zl"}},{"frame":0.225,"value":{"__uuid__":"98WHWc4p1CIoQjCjA3AjT/"}},{"frame":0.25,"value":{"__uuid__":"d6OY8zKxBCJpdDxMvDDCJI"}},{"frame":0.275,"value":{"__uuid__":"0dh/isN+1AQLmwQfVTKiF8"}},{"frame":0.3,"value":{"__uuid__":"24dMy+PdhPnb/hJe47EdfG"}},{"frame":0.325,"value":{"__uuid__":"d7AJd/XdVMVL3UODVONKI2"}},{"frame":0.35,"value":{"__uuid__":"c5nLJ0Y0pPLabJLH5UhLJb"}},{"frame":0.375,"value":{"__uuid__":"06yH4AJxNOQa/GVbIWzrNF"}},{"frame":0.4,"value":{"__uuid__":"a3aVBuvo1G4oGjuQcuMOQC"}},{"frame":0.425,"value":{"__uuid__":"24dMy+PdhPnb/hJe47EdfG"}},{"frame":0.45,"value":{"__uuid__":"98WHWc4p1CIoQjCjA3AjT/"}},{"frame":0.475,"value":{"__uuid__":"24dMy+PdhPnb/hJe47EdfG"}},{"frame":0.5,"value":{"__uuid__":"24dMy+PdhPnb/hJe47EdfG"}},{"frame":0.525,"value":{"__uuid__":"60aXm0NJZCVYQkpUtW09FF"}},{"frame":0.55,"value":{"__uuid__":"4fdlnU8xtCXKx56/MxMGXv"}},{"frame":0.575,"value":{"__uuid__":"50RgWDHOlA2r6qMmJfoFsU"}},{"frame":0.6,"value":{"__uuid__":"2dIt2xhzpDfJ/UyQHYRmcZ"}},{"frame":0.625,"value":{"__uuid__":"5dyL0X8KBMW4n7VCs1yA1o"}},{"frame":0.65,"value":{"__uuid__":"96BmGH5XtKz5V6UIFKRqZI"}},{"frame":0.675,"value":{"__uuid__":"caP8kDSoVEdIHEnR05zJI1"}},{"frame":0.7,"value":{"__uuid__":"36AUqzmbtEPqJ+gPrR61Zl"}},{"frame":0.725,"value":{"__uuid__":"98WHWc4p1CIoQjCjA3AjT/"}},{"frame":0.75,"value":{"__uuid__":"d6OY8zKxBCJpdDxMvDDCJI"}},{"frame":0.775,"value":{"__uuid__":"0dh/isN+1AQLmwQfVTKiF8"}},{"frame":0.8,"value":{"__uuid__":"d7AJd/XdVMVL3UODVONKI2"}},{"frame":0.825,"value":{"__uuid__":"aeRxYyhO9CErQ+9IFrT7pl"}},{"frame":0.85,"value":{"__uuid__":"c5nLJ0Y0pPLabJLH5UhLJb"}},{"frame":0.875,"value":{"__uuid__":"4fFGKZeuBJG7duzkK3HGCi"}}]}}}}]