[{"__type__":"cc.SpriteFrame","content":{"name":"default_radio_button_on","texture":"9dYAAftfRHJqYpJlnj3tC4","rect":[1,1,30,30],"offset":[0,0],"originalSize":[32,32],"capInsets":[0,0,0,0]}},{"__type__":"cc.SpriteFrame","content":{"name":"欢乐豆","texture":"c8YdYjHJNJPLZLTtB54RFk","rect":[2,1,39,40],"offset":[-0.5,-0.5],"originalSize":[44,41],"capInsets":[0,0,0,0]}},{"__type__":"cc.SpriteFrame","content":{"name":"return","texture":"5fFTBAlFdG9pZDGc2oLenB","rect":[10,25,257,200],"offset":[5,-7],"originalSize":[267,236],"capInsets":[0,0,0,0]}},[{"__type__":"cc.SceneAsset","_name":"人机对战","scene":{"__id__":1},"asyncLoadAssets":null},{"__type__":"cc.Scene","_name":"New Node","_children":[{"__id__":2},{"__id__":4},{"__id__":5},{"__id__":16},{"__id__":22},{"__id__":26},{"__id__":29},{"__id__":25},{"__id__":45},{"__id__":46},{"__id__":49},{"__id__":50},{"__id__":51},{"__id__":73}],"_anchorPoint":{"__type__":"cc.Vec2"},"_trs":{"__type__":"TypedArray","ctor":"Float64Array","array":[0,0,0,0,0,0,1,1,1,1]},"autoReleaseAssets":false},{"__type__":"cc.Node","_name":"Canvas","_parent":{"__id__":1},"_children":[{"__id__":3}],"_components":[{"__type__":"cc.Canvas","node":{"__id__":2},"_designResolution":{"__type__":"cc.Size","width":437,"height":752}},{"__type__":"cc.Widget","node":{"__id__":2},"_alignFlags":45}],"_contentSize":{"__type__":"cc.Size","width":437,"height":752},"_trs":{"__type__":"TypedArray","ctor":"Float64Array","array":[218.5,376,0,0,0,0,1,1,1,1]},"_id":"a5esZu+45LA5mBpvttspPD"},{"__type__":"cc.Node","_name":"Main Camera","_parent":{"__id__":2},"_components":[{"__type__":"cc.Camera","node":{"__id__":3},"_clearFlags":7,"_depth":-1}],"_contentSize":{"__type__":"cc.Size","width":960,"height":640},"_trs":{"__type__":"TypedArray","ctor":"Float64Array","array":[0,0,273.5523577231529,0,0,0,1,1,1,1]}},{"__type__":"cc.Node","_name":"木头","_parent":{"__id__":1},"_components":[{"__type__":"cc.Sprite","node":{"__id__":4},"_materials":[{"__uuid__":"ecpdLyjvZBwrvm+cedCcQy"}],"_spriteFrame":{"__uuid__":"ccEYepwUtNrIFzhgTUdlAo"},"_sizeMode":0}],"_contentSize":{"__type__":"cc.Size","width":437,"height":752},"_anchorPoint":{"__type__":"cc.Vec2"},"_trs":{"__type__":"TypedArray","ctor":"Float64Array","array":[0,0,0,0,0,0,1,1,1,1]},"_id":"441PZulnFP5LNq/7fx446P"},{"__type__":"cc.Node","_name":"Pdices","_parent":{"__id__":1},"_children":[{"__id__":6},{"__id__":8},{"__id__":10},{"__id__":12},{"__id__":14}],"_components":[{"__type__":"cc.Sprite","node":{"__id__":5},"_materials":[{"__uuid__":"ecpdLyjvZBwrvm+cedCcQy"}],"_type":1,"_sizeMode":0},{"__type__":"cc.Layout","node":{"__id__":5},"_layoutSize":{"__type__":"cc.Size","width":400,"height":80},"_N$layoutType":3}],"_contentSize":{"__type__":"cc.Size","width":400,"height":80},"_trs":{"__type__":"TypedArray","ctor":"Float64Array","array":[218.5,200,0,0,0,0,1,1,1,1]},"_id":"96L/zHg5xLd6XU8oZ+QEb1"},{"__type__":"cc.Node","_name":"d1","_parent":{"__id__":5},"_children":[{"__id__":7}],"_components":[{"__type__":"cc.Sprite","node":{"__id__":6},"_materials":[{"__uuid__":"ecpdLyjvZBwrvm+cedCcQy"}],"_spriteFrame":{"__uuid__":"c36s/bdhpDn5hv/xEv3eRE"},"_sizeMode":0},{"__type__":"cc.Animation","node":{"__id__":6},"_clips":[{"__uuid__":"741N8iu39DLaLiVu/uDKr2"},{"__uuid__":"93w2+088tAbbVEVh+xE3r2"},{"__uuid__":"57FoIM0m5MO4tnDaFzhLfW"},{"__uuid__":"fd6cQ2AjJN85e/wU/tS92P"},{"__uuid__":"f12dNFG4xADKf5OkSb8y73"},{"__uuid__":"ccUP3QvRVAubqK6BitSaTx"}]}],"_contentSize":{"__type__":"cc.Size","width":80,"height":80},"_trs":{"__type__":"TypedArray","ctor":"Float64Array","array":[-160,0,0,0,0,0,1,1,1,1]}},{"__type__":"cc.Node","_name":"lock1","_parent":{"__id__":6},"_components":[{"__type__":"cc.Sprite","node":{"__id__":7},"_materials":[{"__uuid__":"ecpdLyjvZBwrvm+cedCcQy"}]}],"_contentSize":{"__type__":"cc.Size","width":40,"height":36},"_trs":{"__type__":"TypedArray","ctor":"Float64Array","array":[0,-60,0,0,0,0,1,1,1,1]}},{"__type__":"cc.Node","_name":"d2","_parent":{"__id__":5},"_children":[{"__id__":9}],"_components":[{"__type__":"cc.Sprite","node":{"__id__":8},"_materials":[{"__uuid__":"ecpdLyjvZBwrvm+cedCcQy"}],"_spriteFrame":{"__uuid__":"c36s/bdhpDn5hv/xEv3eRE"},"_sizeMode":0},{"__type__":"cc.Animation","node":{"__id__":8},"_clips":[{"__uuid__":"741N8iu39DLaLiVu/uDKr2"},{"__uuid__":"93w2+088tAbbVEVh+xE3r2"},{"__uuid__":"57FoIM0m5MO4tnDaFzhLfW"},{"__uuid__":"fd6cQ2AjJN85e/wU/tS92P"},{"__uuid__":"f12dNFG4xADKf5OkSb8y73"},{"__uuid__":"ccUP3QvRVAubqK6BitSaTx"}]}],"_contentSize":{"__type__":"cc.Size","width":80,"height":80},"_trs":{"__type__":"TypedArray","ctor":"Float64Array","array":[-80,0,0,0,0,0,1,1,1,1]}},{"__type__":"cc.Node","_name":"lock2","_parent":{"__id__":8},"_components":[{"__type__":"cc.Sprite","node":{"__id__":9},"_materials":[{"__uuid__":"ecpdLyjvZBwrvm+cedCcQy"}]}],"_contentSize":{"__type__":"cc.Size","width":40,"height":36},"_trs":{"__type__":"TypedArray","ctor":"Float64Array","array":[0,-60,0,0,0,0,1,1,1,1]}},{"__type__":"cc.Node","_name":"d3","_parent":{"__id__":5},"_children":[{"__id__":11}],"_components":[{"__type__":"cc.Sprite","node":{"__id__":10},"_materials":[{"__uuid__":"ecpdLyjvZBwrvm+cedCcQy"}],"_spriteFrame":{"__uuid__":"c36s/bdhpDn5hv/xEv3eRE"},"_sizeMode":0},{"__type__":"cc.Animation","node":{"__id__":10},"_clips":[{"__uuid__":"741N8iu39DLaLiVu/uDKr2"},{"__uuid__":"93w2+088tAbbVEVh+xE3r2"},{"__uuid__":"57FoIM0m5MO4tnDaFzhLfW"},{"__uuid__":"fd6cQ2AjJN85e/wU/tS92P"},{"__uuid__":"f12dNFG4xADKf5OkSb8y73"},{"__uuid__":"ccUP3QvRVAubqK6BitSaTx"}]}],"_contentSize":{"__type__":"cc.Size","width":80,"height":80},"_trs":{"__type__":"TypedArray","ctor":"Float64Array","array":[0,0,0,0,0,0,1,1,1,1]}},{"__type__":"cc.Node","_name":"lock3","_parent":{"__id__":10},"_components":[{"__type__":"cc.Sprite","node":{"__id__":11},"_materials":[{"__uuid__":"ecpdLyjvZBwrvm+cedCcQy"}]}],"_contentSize":{"__type__":"cc.Size","width":40,"height":36},"_trs":{"__type__":"TypedArray","ctor":"Float64Array","array":[0,-60,0,0,0,0,1,1,1,1]}},{"__type__":"cc.Node","_name":"d4","_parent":{"__id__":5},"_children":[{"__id__":13}],"_components":[{"__type__":"cc.Sprite","node":{"__id__":12},"_materials":[{"__uuid__":"ecpdLyjvZBwrvm+cedCcQy"}],"_spriteFrame":{"__uuid__":"c36s/bdhpDn5hv/xEv3eRE"},"_sizeMode":0},{"__type__":"cc.Animation","node":{"__id__":12},"_clips":[{"__uuid__":"741N8iu39DLaLiVu/uDKr2"},{"__uuid__":"93w2+088tAbbVEVh+xE3r2"},{"__uuid__":"57FoIM0m5MO4tnDaFzhLfW"},{"__uuid__":"fd6cQ2AjJN85e/wU/tS92P"},{"__uuid__":"f12dNFG4xADKf5OkSb8y73"},{"__uuid__":"ccUP3QvRVAubqK6BitSaTx"}]}],"_contentSize":{"__type__":"cc.Size","width":80,"height":80},"_trs":{"__type__":"TypedArray","ctor":"Float64Array","array":[80,0,0,0,0,0,1,1,1,1]}},{"__type__":"cc.Node","_name":"lock4","_parent":{"__id__":12},"_components":[{"__type__":"cc.Sprite","node":{"__id__":13},"_materials":[{"__uuid__":"ecpdLyjvZBwrvm+cedCcQy"}]}],"_contentSize":{"__type__":"cc.Size","width":40,"height":36},"_trs":{"__type__":"TypedArray","ctor":"Float64Array","array":[0,-60,0,0,0,0,1,1,1,1]}},{"__type__":"cc.Node","_name":"d5","_parent":{"__id__":5},"_children":[{"__id__":15}],"_components":[{"__type__":"cc.Sprite","node":{"__id__":14},"_materials":[{"__uuid__":"ecpdLyjvZBwrvm+cedCcQy"}],"_spriteFrame":{"__uuid__":"c36s/bdhpDn5hv/xEv3eRE"},"_sizeMode":0},{"__type__":"cc.Animation","node":{"__id__":14},"_clips":[{"__uuid__":"741N8iu39DLaLiVu/uDKr2"},{"__uuid__":"93w2+088tAbbVEVh+xE3r2"},{"__uuid__":"57FoIM0m5MO4tnDaFzhLfW"},{"__uuid__":"fd6cQ2AjJN85e/wU/tS92P"},{"__uuid__":"f12dNFG4xADKf5OkSb8y73"},{"__uuid__":"ccUP3QvRVAubqK6BitSaTx"}]}],"_contentSize":{"__type__":"cc.Size","width":80,"height":80},"_trs":{"__type__":"TypedArray","ctor":"Float64Array","array":[160,0,0,0,0,0,1,1,1,1]}},{"__type__":"cc.Node","_name":"lock5","_parent":{"__id__":14},"_components":[{"__type__":"cc.Sprite","node":{"__id__":15},"_materials":[{"__uuid__":"ecpdLyjvZBwrvm+cedCcQy"}]}],"_contentSize":{"__type__":"cc.Size","width":40,"height":36},"_trs":{"__type__":"TypedArray","ctor":"Float64Array","array":[0,-60,0,0,0,0,1,1,1,1]}},{"__type__":"cc.Node","_name":"Adices","_parent":{"__id__":1},"_children":[{"__id__":17},{"__id__":18},{"__id__":19},{"__id__":20},{"__id__":21}],"_components":[{"__type__":"cc.Sprite","node":{"__id__":16},"_materials":[{"__uuid__":"ecpdLyjvZBwrvm+cedCcQy"}],"_type":1,"_sizeMode":0},{"__type__":"cc.Layout","node":{"__id__":16},"_layoutSize":{"__type__":"cc.Size","width":400,"height":80},"_N$layoutType":1}],"_contentSize":{"__type__":"cc.Size","width":400,"height":80},"_trs":{"__type__":"TypedArray","ctor":"Float64Array","array":[218.5,552,0,0,0,0,1,1,1,1]},"_id":"9aRJhPgItAprdx5oTo6Hwe"},{"__type__":"cc.Node","_name":"d1","_parent":{"__id__":16},"_components":[{"__type__":"cc.Sprite","node":{"__id__":17},"_materials":[{"__uuid__":"ecpdLyjvZBwrvm+cedCcQy"}],"_spriteFrame":{"__uuid__":"c36s/bdhpDn5hv/xEv3eRE"},"_sizeMode":0},{"__type__":"cc.Animation","node":{"__id__":17},"_clips":[{"__uuid__":"741N8iu39DLaLiVu/uDKr2"},{"__uuid__":"93w2+088tAbbVEVh+xE3r2"},{"__uuid__":"57FoIM0m5MO4tnDaFzhLfW"},{"__uuid__":"fd6cQ2AjJN85e/wU/tS92P"},{"__uuid__":"f12dNFG4xADKf5OkSb8y73"},{"__uuid__":"ccUP3QvRVAubqK6BitSaTx"}]}],"_contentSize":{"__type__":"cc.Size","width":80,"height":80},"_trs":{"__type__":"TypedArray","ctor":"Float64Array","array":[-160,0,0,0,0,0,1,1,1,1]}},{"__type__":"cc.Node","_name":"d2","_parent":{"__id__":16},"_components":[{"__type__":"cc.Sprite","node":{"__id__":18},"_materials":[{"__uuid__":"ecpdLyjvZBwrvm+cedCcQy"}],"_spriteFrame":{"__uuid__":"c36s/bdhpDn5hv/xEv3eRE"},"_sizeMode":0},{"__type__":"cc.Animation","node":{"__id__":18},"_clips":[{"__uuid__":"741N8iu39DLaLiVu/uDKr2"},{"__uuid__":"93w2+088tAbbVEVh+xE3r2"},{"__uuid__":"57FoIM0m5MO4tnDaFzhLfW"},{"__uuid__":"fd6cQ2AjJN85e/wU/tS92P"},{"__uuid__":"f12dNFG4xADKf5OkSb8y73"},{"__uuid__":"ccUP3QvRVAubqK6BitSaTx"}]}],"_contentSize":{"__type__":"cc.Size","width":80,"height":80},"_trs":{"__type__":"TypedArray","ctor":"Float64Array","array":[-80,0,0,0,0,0,1,1,1,1]}},{"__type__":"cc.Node","_name":"d3","_parent":{"__id__":16},"_components":[{"__type__":"cc.Sprite","node":{"__id__":19},"_materials":[{"__uuid__":"ecpdLyjvZBwrvm+cedCcQy"}],"_spriteFrame":{"__uuid__":"c36s/bdhpDn5hv/xEv3eRE"},"_sizeMode":0},{"__type__":"cc.Animation","node":{"__id__":19},"_clips":[{"__uuid__":"741N8iu39DLaLiVu/uDKr2"},{"__uuid__":"93w2+088tAbbVEVh+xE3r2"},{"__uuid__":"57FoIM0m5MO4tnDaFzhLfW"},{"__uuid__":"fd6cQ2AjJN85e/wU/tS92P"},{"__uuid__":"f12dNFG4xADKf5OkSb8y73"},{"__uuid__":"ccUP3QvRVAubqK6BitSaTx"}]}],"_contentSize":{"__type__":"cc.Size","width":80,"height":80},"_trs":{"__type__":"TypedArray","ctor":"Float64Array","array":[0,0,0,0,0,0,1,1,1,1]}},{"__type__":"cc.Node","_name":"d4","_parent":{"__id__":16},"_components":[{"__type__":"cc.Sprite","node":{"__id__":20},"_materials":[{"__uuid__":"ecpdLyjvZBwrvm+cedCcQy"}],"_spriteFrame":{"__uuid__":"c36s/bdhpDn5hv/xEv3eRE"},"_sizeMode":0},{"__type__":"cc.Animation","node":{"__id__":20},"_clips":[{"__uuid__":"741N8iu39DLaLiVu/uDKr2"},{"__uuid__":"93w2+088tAbbVEVh+xE3r2"},{"__uuid__":"57FoIM0m5MO4tnDaFzhLfW"},{"__uuid__":"fd6cQ2AjJN85e/wU/tS92P"},{"__uuid__":"f12dNFG4xADKf5OkSb8y73"},{"__uuid__":"ccUP3QvRVAubqK6BitSaTx"}]}],"_contentSize":{"__type__":"cc.Size","width":80,"height":80},"_trs":{"__type__":"TypedArray","ctor":"Float64Array","array":[80,0,0,0,0,0,1,1,1,1]}},{"__type__":"cc.Node","_name":"d5","_parent":{"__id__":16},"_components":[{"__type__":"cc.Sprite","node":{"__id__":21},"_materials":[{"__uuid__":"ecpdLyjvZBwrvm+cedCcQy"}],"_spriteFrame":{"__uuid__":"c36s/bdhpDn5hv/xEv3eRE"},"_sizeMode":0},{"__type__":"cc.Animation","node":{"__id__":21},"_clips":[{"__uuid__":"741N8iu39DLaLiVu/uDKr2"},{"__uuid__":"93w2+088tAbbVEVh+xE3r2"},{"__uuid__":"57FoIM0m5MO4tnDaFzhLfW"},{"__uuid__":"fd6cQ2AjJN85e/wU/tS92P"},{"__uuid__":"f12dNFG4xADKf5OkSb8y73"},{"__uuid__":"ccUP3QvRVAubqK6BitSaTx"}]}],"_contentSize":{"__type__":"cc.Size","width":80,"height":80},"_trs":{"__type__":"TypedArray","ctor":"Float64Array","array":[160,0,0,0,0,0,1,1,1,1]}},{"__type__":"cc.Node","_name":"start","_parent":{"__id__":1},"_children":[{"__id__":23}],"_components":[{"__type__":"cc.Button","node":{"__id__":22},"_normalMaterial":{"__uuid__":"ecpdLyjvZBwrvm+cedCcQy"},"clickEvents":[{"__type__":"cc.ClickEvent","target":{"__id__":25},"_componentId":"64dcc3r1yhHzqpxGNZvPGFg","handler":"click"}],"_N$transition":2,"transition":2,"_N$normalColor":{"__type__":"cc.Color","r":230,"g":230,"b":230},"_N$pressedColor":{"__type__":"cc.Color","r":200,"g":200,"b":200},"pressedColor":{"__type__":"cc.Color","r":200,"g":200,"b":200},"_N$disabledColor":{"__type__":"cc.Color","r":120,"g":120,"b":120,"a":200},"_N$target":{"__id__":23}}],"_contentSize":{"__type__":"cc.Size","width":150,"height":80},"_trs":{"__type__":"TypedArray","ctor":"Float64Array","array":[218.5,376,0,0,0,0,1,1,1,1]},"_id":"0cYrQtOPdCBJLIzJYaWo46"},{"__type__":"cc.Node","_name":"bg","_parent":{"__id__":22},"_children":[{"__id__":24}],"_components":[{"__type__":"cc.Sprite","node":{"__id__":23},"_materials":[{"__uuid__":"ecpdLyjvZBwrvm+cedCcQy"}],"_type":1,"_sizeMode":0},{"__type__":"cc.Widget","node":{"__id__":23},"alignMode":0,"_alignFlags":45,"_originalWidth":100,"_originalHeight":40}],"_contentSize":{"__type__":"cc.Size","width":150,"height":80},"_trs":{"__type__":"TypedArray","ctor":"Float64Array","array":[0,0,0,0,0,0,1,1,1,1]}},{"__type__":"cc.Node","_name":"str","_parent":{"__id__":23},"_components":[{"__type__":"cc.Label","node":{"__id__":24},"_materials":[{"__uuid__":"ecpdLyjvZBwrvm+cedCcQy"}],"_useOriginalSize":false,"_string":"一投","_N$string":"一投","_fontSize":60,"_lineHeight":80,"_enableWrapText":false,"_styleFlags":1,"_N$horizontalAlign":1,"_N$verticalAlign":1,"_N$fontFamily":"KAITI","_N$overflow":1,"_N$cacheMode":1}],"_color":{"__type__":"cc.Color"},"_contentSize":{"__type__":"cc.Size","width":150,"height":80},"_trs":{"__type__":"TypedArray","ctor":"Float64Array","array":[0,0,0,0,0,0,1,1,1,1]}},{"__type__":"cc.Node","_name":"maneger2","_parent":{"__id__":1},"_components":[{"__type__":"64dcc3r1yhHzqpxGNZvPGFg","node":{"__id__":25}}],"_trs":{"__type__":"TypedArray","ctor":"Float64Array","array":[0,0,0,0,0,0,1,1,1,1]},"_id":"0cY6ZuWl9BEb1qdZTVqyc+"},{"__type__":"cc.Node","_name":"rButton","_parent":{"__id__":1},"_children":[{"__id__":27}],"_components":[{"__type__":"cc.Button","node":{"__id__":26},"_normalMaterial":{"__uuid__":"ecpdLyjvZBwrvm+cedCcQy"},"clickEvents":[{"__type__":"cc.ClickEvent","target":{"__id__":26},"_componentId":"7392fAhbbFOvZzmmZpmTOmL","handler":"return"}],"_N$transition":2,"transition":2,"_N$normalColor":{"__type__":"cc.Color","r":230,"g":230,"b":230},"_N$pressedColor":{"__type__":"cc.Color","r":200,"g":200,"b":200},"pressedColor":{"__type__":"cc.Color","r":200,"g":200,"b":200},"_N$disabledColor":{"__type__":"cc.Color","r":120,"g":120,"b":120,"a":200},"_N$normalSprite":{"__uuid__":"4144l+8QNF/4/2ydCtJ2Rc"},"_N$pressedSprite":{"__uuid__":"4144l+8QNF/4/2ydCtJ2Rc"},"pressedSprite":{"__uuid__":"4144l+8QNF/4/2ydCtJ2Rc"},"_N$hoverSprite":{"__uuid__":"4144l+8QNF/4/2ydCtJ2Rc"},"hoverSprite":{"__uuid__":"4144l+8QNF/4/2ydCtJ2Rc"},"_N$disabledSprite":{"__uuid__":"4144l+8QNF/4/2ydCtJ2Rc"},"_N$target":{"__id__":27}},null,{"__type__":"7392fAhbbFOvZzmmZpmTOmL","node":{"__id__":26}}],"_contentSize":{"__type__":"cc.Size","width":110,"height":40},"_trs":{"__type__":"TypedArray","ctor":"Float64Array","array":[69.245,717.77,0,0,0,0,1,1,1,1]},"_id":"60GHgH4c5JhYCpmr6vF49p"},{"__type__":"cc.Node","_name":"Background","_parent":{"__id__":26},"_children":[{"__id__":28}],"_components":[{"__type__":"cc.Sprite","node":{"__id__":27},"_materials":[{"__uuid__":"ecpdLyjvZBwrvm+cedCcQy"}],"_spriteFrame":{"__uuid__":"4144l+8QNF/4/2ydCtJ2Rc"},"_type":1,"_sizeMode":0},{"__type__":"cc.Widget","node":{"__id__":27},"alignMode":0,"_alignFlags":45,"_left":3.9180000000000046,"_right":56.08200000000001,"_top":-1.186,"_bottom":1.186,"_originalWidth":100,"_originalHeight":40}],"_contentSize":{"__type__":"cc.Size","width":49.999999999999986,"height":40},"_trs":{"__type__":"TypedArray","ctor":"Float64Array","array":[-26.082,1.186,0,0,0,0,1,1,1,1]}},{"__type__":"cc.Node","_name":"Label","_parent":{"__id__":27},"_components":[{"__type__":"cc.Label","node":{"__id__":28},"_materials":[{"__uuid__":"ecpdLyjvZBwrvm+cedCcQy"}],"_useOriginalSize":false,"_string":"返回","_N$string":"返回","_fontSize":30,"_enableWrapText":false,"_styleFlags":1,"_N$verticalAlign":1,"_N$fontFamily":"KAITI","_N$overflow":1,"_N$cacheMode":1}],"_color":{"__type__":"cc.Color"},"_contentSize":{"__type__":"cc.Size","width":100,"height":40},"_trs":{"__type__":"TypedArray","ctor":"Float64Array","array":[73.503,-2.372,0,0,0,0,1,1,1,1]}},{"__type__":"cc.Node","_name":"bButton","_parent":{"__id__":1},"_children":[{"__id__":30},{"__id__":33},{"__id__":36},{"__id__":39},{"__id__":42}],"_components":[{"__type__":"cc.Sprite","node":{"__id__":29},"_materials":[{"__uuid__":"ecpdLyjvZBwrvm+cedCcQy"}],"_type":1,"_sizeMode":0},{"__type__":"cc.Layout","node":{"__id__":29},"_layoutSize":{"__type__":"cc.Size","width":400,"height":80},"_N$layoutType":1}],"_contentSize":{"__type__":"cc.Size","width":400,"height":80},"_trs":{"__type__":"TypedArray","ctor":"Float64Array","array":[218.5,200,0,0,0,0,1,1,1,1]},"_id":"cdCrDeb41FVphGyNQSoyWT"},{"__type__":"cc.Node","_name":"b1","_parent":{"__id__":29},"_children":[{"__id__":31}],"_components":[{"__type__":"cc.Button","node":{"__id__":30},"_normalMaterial":{"__uuid__":"ecpdLyjvZBwrvm+cedCcQy"},"clickEvents":[{"__type__":"cc.ClickEvent","target":{"__id__":25},"_componentId":"64dcc3r1yhHzqpxGNZvPGFg","handler":"lock","customEventData":"1"}],"_N$transition":2,"transition":2,"_N$normalColor":{"__type__":"cc.Color","r":230,"g":230,"b":230},"_N$pressedColor":{"__type__":"cc.Color","r":200,"g":200,"b":200},"pressedColor":{"__type__":"cc.Color","r":200,"g":200,"b":200},"_N$disabledColor":{"__type__":"cc.Color","r":120,"g":120,"b":120,"a":200},"_N$target":{"__id__":31}}],"_contentSize":{"__type__":"cc.Size","width":80,"height":80},"_trs":{"__type__":"TypedArray","ctor":"Float64Array","array":[-160,0,0,0,0,0,1,1,1,1]}},{"__type__":"cc.Node","_name":"Background","_parent":{"__id__":30},"_children":[{"__id__":32}],"_components":[{"__type__":"cc.Sprite","node":{"__id__":31},"_materials":[{"__uuid__":"ecpdLyjvZBwrvm+cedCcQy"}],"_type":1,"_sizeMode":0},{"__type__":"cc.Widget","node":{"__id__":31},"alignMode":0,"_alignFlags":45,"_originalWidth":100,"_originalHeight":40}],"_contentSize":{"__type__":"cc.Size","width":80,"height":80},"_trs":{"__type__":"TypedArray","ctor":"Float64Array","array":[0,0,0,0,0,0,1,1,1,1]}},{"__type__":"cc.Node","_name":"Label","_parent":{"__id__":31},"_components":[{"__type__":"cc.Label","node":{"__id__":32},"_materials":[{"__uuid__":"ecpdLyjvZBwrvm+cedCcQy"}],"_useOriginalSize":false,"_fontSize":20,"_enableWrapText":false,"_N$horizontalAlign":1,"_N$verticalAlign":1,"_N$overflow":1,"_N$cacheMode":1}],"_color":{"__type__":"cc.Color"},"_contentSize":{"__type__":"cc.Size","width":100,"height":40},"_trs":{"__type__":"TypedArray","ctor":"Float64Array","array":[0,0,0,0,0,0,1,1,1,1]}},{"__type__":"cc.Node","_name":"b2","_parent":{"__id__":29},"_children":[{"__id__":34}],"_components":[{"__type__":"cc.Button","node":{"__id__":33},"_normalMaterial":{"__uuid__":"ecpdLyjvZBwrvm+cedCcQy"},"clickEvents":[{"__type__":"cc.ClickEvent","target":{"__id__":25},"_componentId":"64dcc3r1yhHzqpxGNZvPGFg","handler":"lock","customEventData":"2"}],"_N$transition":2,"transition":2,"_N$normalColor":{"__type__":"cc.Color","r":230,"g":230,"b":230},"_N$pressedColor":{"__type__":"cc.Color","r":200,"g":200,"b":200},"pressedColor":{"__type__":"cc.Color","r":200,"g":200,"b":200},"_N$disabledColor":{"__type__":"cc.Color","r":120,"g":120,"b":120,"a":200},"_N$target":{"__id__":34}}],"_contentSize":{"__type__":"cc.Size","width":80,"height":80},"_trs":{"__type__":"TypedArray","ctor":"Float64Array","array":[-80,0,0,0,0,0,1,1,1,1]}},{"__type__":"cc.Node","_name":"Background","_parent":{"__id__":33},"_children":[{"__id__":35}],"_components":[{"__type__":"cc.Sprite","node":{"__id__":34},"_materials":[{"__uuid__":"ecpdLyjvZBwrvm+cedCcQy"}],"_type":1,"_sizeMode":0},{"__type__":"cc.Widget","node":{"__id__":34},"alignMode":0,"_alignFlags":45,"_originalWidth":100,"_originalHeight":40}],"_contentSize":{"__type__":"cc.Size","width":80,"height":80},"_trs":{"__type__":"TypedArray","ctor":"Float64Array","array":[0,0,0,0,0,0,1,1,1,1]}},{"__type__":"cc.Node","_name":"Label","_parent":{"__id__":34},"_components":[{"__type__":"cc.Label","node":{"__id__":35},"_materials":[{"__uuid__":"ecpdLyjvZBwrvm+cedCcQy"}],"_useOriginalSize":false,"_fontSize":20,"_enableWrapText":false,"_N$horizontalAlign":1,"_N$verticalAlign":1,"_N$overflow":1,"_N$cacheMode":1}],"_color":{"__type__":"cc.Color"},"_contentSize":{"__type__":"cc.Size","width":100,"height":40},"_trs":{"__type__":"TypedArray","ctor":"Float64Array","array":[0,0,0,0,0,0,1,1,1,1]}},{"__type__":"cc.Node","_name":"b3","_parent":{"__id__":29},"_children":[{"__id__":37}],"_components":[{"__type__":"cc.Button","node":{"__id__":36},"_normalMaterial":{"__uuid__":"ecpdLyjvZBwrvm+cedCcQy"},"clickEvents":[{"__type__":"cc.ClickEvent","target":{"__id__":25},"_componentId":"64dcc3r1yhHzqpxGNZvPGFg","handler":"lock","customEventData":"3"}],"_N$transition":2,"transition":2,"_N$normalColor":{"__type__":"cc.Color","r":230,"g":230,"b":230},"_N$pressedColor":{"__type__":"cc.Color","r":200,"g":200,"b":200},"pressedColor":{"__type__":"cc.Color","r":200,"g":200,"b":200},"_N$disabledColor":{"__type__":"cc.Color","r":120,"g":120,"b":120,"a":200},"_N$target":{"__id__":37}}],"_contentSize":{"__type__":"cc.Size","width":80,"height":80},"_trs":{"__type__":"TypedArray","ctor":"Float64Array","array":[0,0,0,0,0,0,1,1,1,1]}},{"__type__":"cc.Node","_name":"Background","_parent":{"__id__":36},"_children":[{"__id__":38}],"_components":[{"__type__":"cc.Sprite","node":{"__id__":37},"_materials":[{"__uuid__":"ecpdLyjvZBwrvm+cedCcQy"}],"_type":1,"_sizeMode":0},{"__type__":"cc.Widget","node":{"__id__":37},"alignMode":0,"_alignFlags":45,"_originalWidth":100,"_originalHeight":40}],"_contentSize":{"__type__":"cc.Size","width":80,"height":80},"_trs":{"__type__":"TypedArray","ctor":"Float64Array","array":[0,0,0,0,0,0,1,1,1,1]}},{"__type__":"cc.Node","_name":"Label","_parent":{"__id__":37},"_components":[{"__type__":"cc.Label","node":{"__id__":38},"_materials":[{"__uuid__":"ecpdLyjvZBwrvm+cedCcQy"}],"_useOriginalSize":false,"_fontSize":20,"_enableWrapText":false,"_N$horizontalAlign":1,"_N$verticalAlign":1,"_N$overflow":1,"_N$cacheMode":1}],"_color":{"__type__":"cc.Color"},"_contentSize":{"__type__":"cc.Size","width":100,"height":40},"_trs":{"__type__":"TypedArray","ctor":"Float64Array","array":[0,0,0,0,0,0,1,1,1,1]}},{"__type__":"cc.Node","_name":"b4","_parent":{"__id__":29},"_children":[{"__id__":40}],"_components":[{"__type__":"cc.Button","node":{"__id__":39},"_normalMaterial":{"__uuid__":"ecpdLyjvZBwrvm+cedCcQy"},"clickEvents":[{"__type__":"cc.ClickEvent","target":{"__id__":25},"_componentId":"64dcc3r1yhHzqpxGNZvPGFg","handler":"lock","customEventData":"4"}],"_N$transition":2,"transition":2,"_N$normalColor":{"__type__":"cc.Color","r":230,"g":230,"b":230},"_N$pressedColor":{"__type__":"cc.Color","r":200,"g":200,"b":200},"pressedColor":{"__type__":"cc.Color","r":200,"g":200,"b":200},"_N$disabledColor":{"__type__":"cc.Color","r":120,"g":120,"b":120,"a":200},"_N$target":{"__id__":40}}],"_contentSize":{"__type__":"cc.Size","width":80,"height":80},"_trs":{"__type__":"TypedArray","ctor":"Float64Array","array":[80,0,0,0,0,0,1,1,1,1]}},{"__type__":"cc.Node","_name":"Background","_parent":{"__id__":39},"_children":[{"__id__":41}],"_components":[{"__type__":"cc.Sprite","node":{"__id__":40},"_materials":[{"__uuid__":"ecpdLyjvZBwrvm+cedCcQy"}],"_type":1,"_sizeMode":0},{"__type__":"cc.Widget","node":{"__id__":40},"alignMode":0,"_alignFlags":45,"_originalWidth":100,"_originalHeight":40}],"_contentSize":{"__type__":"cc.Size","width":80,"height":80},"_trs":{"__type__":"TypedArray","ctor":"Float64Array","array":[0,0,0,0,0,0,1,1,1,1]}},{"__type__":"cc.Node","_name":"Label","_parent":{"__id__":40},"_components":[{"__type__":"cc.Label","node":{"__id__":41},"_materials":[{"__uuid__":"ecpdLyjvZBwrvm+cedCcQy"}],"_useOriginalSize":false,"_fontSize":20,"_enableWrapText":false,"_N$horizontalAlign":1,"_N$verticalAlign":1,"_N$overflow":1,"_N$cacheMode":1}],"_color":{"__type__":"cc.Color"},"_contentSize":{"__type__":"cc.Size","width":100,"height":40},"_trs":{"__type__":"TypedArray","ctor":"Float64Array","array":[0,0,0,0,0,0,1,1,1,1]}},{"__type__":"cc.Node","_name":"b5","_parent":{"__id__":29},"_children":[{"__id__":43}],"_components":[{"__type__":"cc.Button","node":{"__id__":42},"_normalMaterial":{"__uuid__":"ecpdLyjvZBwrvm+cedCcQy"},"clickEvents":[{"__type__":"cc.ClickEvent","target":{"__id__":25},"_componentId":"64dcc3r1yhHzqpxGNZvPGFg","handler":"lock","customEventData":"5"}],"_N$transition":2,"transition":2,"_N$normalColor":{"__type__":"cc.Color","r":230,"g":230,"b":230},"_N$pressedColor":{"__type__":"cc.Color","r":200,"g":200,"b":200},"pressedColor":{"__type__":"cc.Color","r":200,"g":200,"b":200},"_N$disabledColor":{"__type__":"cc.Color","r":120,"g":120,"b":120,"a":200}}],"_contentSize":{"__type__":"cc.Size","width":80,"height":80},"_trs":{"__type__":"TypedArray","ctor":"Float64Array","array":[160,0,0,0,0,0,1,1,1,1]}},{"__type__":"cc.Node","_name":"Background","_parent":{"__id__":42},"_children":[{"__id__":44}],"_components":[{"__type__":"cc.Sprite","node":{"__id__":43},"_materials":[{"__uuid__":"ecpdLyjvZBwrvm+cedCcQy"}],"_type":1,"_sizeMode":0},{"__type__":"cc.Widget","node":{"__id__":43},"alignMode":0,"_alignFlags":45,"_originalWidth":100,"_originalHeight":40}],"_contentSize":{"__type__":"cc.Size","width":80,"height":80},"_trs":{"__type__":"TypedArray","ctor":"Float64Array","array":[0,0,0,0,0,0,1,1,1,1]}},{"__type__":"cc.Node","_name":"Label","_parent":{"__id__":43},"_components":[{"__type__":"cc.Label","node":{"__id__":44},"_materials":[{"__uuid__":"ecpdLyjvZBwrvm+cedCcQy"}],"_useOriginalSize":false,"_fontSize":20,"_enableWrapText":false,"_N$horizontalAlign":1,"_N$verticalAlign":1,"_N$overflow":1,"_N$cacheMode":1}],"_color":{"__type__":"cc.Color"},"_contentSize":{"__type__":"cc.Size","width":100,"height":40},"_trs":{"__type__":"TypedArray","ctor":"Float64Array","array":[0,0,0,0,0,0,1,1,1,1]}},{"__type__":"cc.Node","_name":"AImnf","_parent":{"__id__":1},"_components":[{"__type__":"cc.Label","node":{"__id__":45},"_materials":[{"__uuid__":"ecpdLyjvZBwrvm+cedCcQy"}],"_useOriginalSize":false,"_string":"倍率：1","_N$string":"倍率：1","_fontSize":30,"_N$horizontalAlign":1,"_N$verticalAlign":1,"_N$fontFamily":"KAITI"}],"_color":{"__type__":"cc.Color","r":29,"g":38,"b":255},"_contentSize":{"__type__":"cc.Size","width":105,"height":50.4},"_trs":{"__type__":"TypedArray","ctor":"Float64Array","array":[218.5,637.374,0,0,0,0,1,1,1,1]},"_id":"55X6/Z5HJNy6sWv92151hY"},{"__type__":"cc.Node","_name":"p1","_parent":{"__id__":1},"_children":[{"__id__":47}],"_components":[{"__type__":"cc.Label","node":{"__id__":46},"_materials":[{"__uuid__":"ecpdLyjvZBwrvm+cedCcQy"}],"_useOriginalSize":false,"_string":"玩家","_N$string":"玩家","_styleFlags":1,"_N$horizontalAlign":1,"_N$verticalAlign":1,"_N$fontFamily":"KAITI"}],"_color":{"__type__":"cc.Color","r":255},"_contentSize":{"__type__":"cc.Size","width":81.56,"height":50.4},"_trs":{"__type__":"TypedArray","ctor":"Float64Array","array":[218.5,270,0,0,0,0,1,1,1,1]},"_id":"97OENUasVF7bboly/7nFmE"},{"__type__":"cc.Node","_name":"money","_parent":{"__id__":46},"_children":[{"__id__":48}],"_components":[{"__type__":"cc.Label","node":{"__id__":47},"_materials":[{"__uuid__":"ecpdLyjvZBwrvm+cedCcQy"}],"_useOriginalSize":false,"_fontSize":30,"_lineHeight":30,"_N$horizontalAlign":2,"_N$verticalAlign":1,"_N$fontFamily":"KAITI","_N$overflow":1}],"_color":{"__type__":"cc.Color"},"_contentSize":{"__type__":"cc.Size","width":80,"height":37.8},"_trs":{"__type__":"TypedArray","ctor":"Float64Array","array":[100,0,0,0,0,0,1,1,1,1]}},{"__type__":"cc.Node","_name":"pee","_parent":{"__id__":47},"_components":[{"__type__":"cc.Sprite","node":{"__id__":48},"_materials":[{"__uuid__":"ecpdLyjvZBwrvm+cedCcQy"}],"_spriteFrame":{"__uuid__":"36Hd4w6JhPp4WgVP+AH9K8"},"_sizeMode":0}],"_contentSize":{"__type__":"cc.Size","width":20,"height":20},"_trs":{"__type__":"TypedArray","ctor":"Float64Array","array":[50.696,-1.79,0,0,0,0,1,1,1,1]}},{"__type__":"cc.Node","_name":"p2","_parent":{"__id__":1},"_components":[{"__type__":"cc.Label","node":{"__id__":49},"_materials":[{"__uuid__":"ecpdLyjvZBwrvm+cedCcQy"}],"_useOriginalSize":false,"_string":"人机","_N$string":"人机","_styleFlags":1,"_N$horizontalAlign":1,"_N$verticalAlign":1,"_N$fontFamily":"KAITI"}],"_color":{"__type__":"cc.Color","r":51,"b":255},"_contentSize":{"__type__":"cc.Size","width":81.56,"height":50.4},"_trs":{"__type__":"TypedArray","ctor":"Float64Array","array":[218.5,482,0,0,0,0,1,1,1,1]},"_id":"b1O9pOSgBI1KGdfNsQ8PrF"},{"__type__":"cc.Node","_name":"s","_parent":{"__id__":1},"_components":[{"__type__":"cc.Label","node":{"__id__":50},"_materials":[{"__uuid__":"ecpdLyjvZBwrvm+cedCcQy"}],"_useOriginalSize":false,"_fontSize":30,"_styleFlags":1,"_N$horizontalAlign":1,"_N$verticalAlign":1,"_N$fontFamily":"KAITI"}],"_contentSize":{"__type__":"cc.Size","height":50.4},"_trs":{"__type__":"TypedArray","ctor":"Float64Array","array":[75,380,0,0,0,0,1,1,1,1]},"_id":"bd4l9ozvNCXpFK3j3aQX3H"},{"__type__":"cc.Node","_name":"ToggleContainer","_parent":{"__id__":1},"_children":[{"__id__":52},{"__id__":57},{"__id__":62},{"__id__":67},{"__id__":72}],"_components":[{"__type__":"cc.ToggleContainer","node":{"__id__":51}}],"_contentSize":{"__type__":"cc.Size","width":280,"height":61},"_trs":{"__type__":"TypedArray","ctor":"Float64Array","array":[190,100,0,0,0,0,1,1,1,1]},"_id":"e5xP2sy/xJuo88YkpbXZoF"},{"__type__":"cc.Node","_name":"toggle1","_parent":{"__id__":51},"_children":[{"__id__":53},{"__id__":54},{"__id__":56}],"_components":[{"__type__":"cc.Toggle","node":{"__id__":52},"_N$interactable":false,"_N$transition":3,"transition":3,"_N$normalColor":{"__type__":"cc.Color","r":214,"g":214,"b":214},"_N$target":{"__id__":52},"checkMark":{"__id__":55},"checkEvents":[{"__type__":"cc.ClickEvent","target":{"__id__":25},"_componentId":"64dcc3r1yhHzqpxGNZvPGFg","handler":"mnfChange","customEventData":"1"}]}],"_contentSize":{"__type__":"cc.Size","width":41,"height":28},"_trs":{"__type__":"TypedArray","ctor":"Float64Array","array":[-62,3,0,0,0,0,1,1,1,1]}},{"__type__":"cc.Node","_name":"Background","_parent":{"__id__":52},"_components":[{"__type__":"cc.Sprite","node":{"__id__":53},"_materials":[{"__uuid__":"ecpdLyjvZBwrvm+cedCcQy"}],"_spriteFrame":{"__uuid__":"e7q6FL+VZEgLJUjVeDLic/"},"_sizeMode":2,"_isTrimmedMode":false}],"_contentSize":{"__type__":"cc.Size","width":32,"height":32},"_trs":{"__type__":"TypedArray","ctor":"Float64Array","array":[0,0,0,0,0,0,1,1,1,1]}},{"__type__":"cc.Node","_name":"checkmark","_parent":{"__id__":52},"_components":[{"__id__":55}],"_contentSize":{"__type__":"cc.Size","width":32,"height":32},"_trs":{"__type__":"TypedArray","ctor":"Float64Array","array":[0,0,0,0,0,0,1,1,1,1]}},{"__type__":"cc.Sprite","node":{"__id__":54},"_materials":[{"__uuid__":"ecpdLyjvZBwrvm+cedCcQy"}],"_spriteFrame":{"__uuid__":"1aMvx28L1PZpgPVpKcDKCz"},"_sizeMode":2,"_isTrimmedMode":false},{"__type__":"cc.Node","_name":"New Label","_parent":{"__id__":52},"_components":[{"__type__":"cc.Label","node":{"__id__":56},"_materials":[{"__uuid__":"ecpdLyjvZBwrvm+cedCcQy"}],"_useOriginalSize":false,"_string":"1","_N$string":"1","_fontSize":30,"_N$horizontalAlign":1,"_N$verticalAlign":1,"_N$fontFamily":"KAITI","_N$overflow":1}],"_contentSize":{"__type__":"cc.Size","width":30,"height":30},"_trs":{"__type__":"TypedArray","ctor":"Float64Array","array":[0,-40,0,0,0,0,1,1,1,1]}},{"__type__":"cc.Node","_name":"toggle2","_parent":{"__id__":51},"_children":[{"__id__":58},{"__id__":59},{"__id__":61}],"_components":[{"__type__":"cc.Toggle","node":{"__id__":57},"_N$interactable":false,"_N$transition":3,"transition":3,"_N$normalColor":{"__type__":"cc.Color","r":214,"g":214,"b":214},"_N$target":{"__id__":57},"_N$isChecked":false,"checkMark":{"__id__":60},"checkEvents":[{"__type__":"cc.ClickEvent","target":{"__id__":25},"_componentId":"64dcc3r1yhHzqpxGNZvPGFg","handler":"mnfChange","customEventData":"2"}]}],"_contentSize":{"__type__":"cc.Size","width":42,"height":28},"_trs":{"__type__":"TypedArray","ctor":"Float64Array","array":[14,3.031,0,0,0,0,1,1,1,1]}},{"__type__":"cc.Node","_name":"Background","_parent":{"__id__":57},"_components":[{"__type__":"cc.Sprite","node":{"__id__":58},"_materials":[{"__uuid__":"ecpdLyjvZBwrvm+cedCcQy"}],"_spriteFrame":{"__uuid__":"e7q6FL+VZEgLJUjVeDLic/"},"_sizeMode":2,"_isTrimmedMode":false}],"_contentSize":{"__type__":"cc.Size","width":32,"height":32},"_trs":{"__type__":"TypedArray","ctor":"Float64Array","array":[0,0,0,0,0,0,1,1,1,1]}},{"__type__":"cc.Node","_name":"checkmark","_parent":{"__id__":57},"_active":false,"_components":[{"__id__":60}],"_contentSize":{"__type__":"cc.Size","width":32,"height":32},"_trs":{"__type__":"TypedArray","ctor":"Float64Array","array":[0,0,0,0,0,0,1,1,1,1]}},{"__type__":"cc.Sprite","node":{"__id__":59},"_spriteFrame":{"__uuid__":"1aMvx28L1PZpgPVpKcDKCz"},"_sizeMode":2,"_isTrimmedMode":false},{"__type__":"cc.Node","_name":"New Label","_parent":{"__id__":57},"_components":[{"__type__":"cc.Label","node":{"__id__":61},"_materials":[{"__uuid__":"ecpdLyjvZBwrvm+cedCcQy"}],"_useOriginalSize":false,"_string":"2","_N$string":"2","_fontSize":30,"_N$horizontalAlign":1,"_N$verticalAlign":1,"_N$fontFamily":"KAITI","_N$overflow":1}],"_contentSize":{"__type__":"cc.Size","width":30,"height":30},"_trs":{"__type__":"TypedArray","ctor":"Float64Array","array":[0,-40,0,0,0,0,1,1,1,1]}},{"__type__":"cc.Node","_name":"toggle3","_parent":{"__id__":51},"_children":[{"__id__":63},{"__id__":64},{"__id__":66}],"_components":[{"__type__":"cc.Toggle","node":{"__id__":62},"_N$interactable":false,"_N$transition":3,"transition":3,"_N$normalColor":{"__type__":"cc.Color","r":214,"g":214,"b":214},"_N$target":{"__id__":62},"_N$isChecked":false,"checkMark":{"__id__":65},"checkEvents":[{"__type__":"cc.ClickEvent","target":{"__id__":25},"_componentId":"64dcc3r1yhHzqpxGNZvPGFg","handler":"mnfChange","customEventData":"3"}]}],"_contentSize":{"__type__":"cc.Size","width":37,"height":28},"_trs":{"__type__":"TypedArray","ctor":"Float64Array","array":[91,3,0,0,0,0,1,1,1,1]}},{"__type__":"cc.Node","_name":"Background","_parent":{"__id__":62},"_components":[{"__type__":"cc.Sprite","node":{"__id__":63},"_materials":[{"__uuid__":"ecpdLyjvZBwrvm+cedCcQy"}],"_spriteFrame":{"__uuid__":"e7q6FL+VZEgLJUjVeDLic/"},"_sizeMode":2,"_isTrimmedMode":false}],"_contentSize":{"__type__":"cc.Size","width":32,"height":32},"_trs":{"__type__":"TypedArray","ctor":"Float64Array","array":[0,0,0,0,0,0,1,1,1,1]}},{"__type__":"cc.Node","_name":"checkmark","_parent":{"__id__":62},"_active":false,"_components":[{"__id__":65}],"_contentSize":{"__type__":"cc.Size","width":32,"height":32},"_trs":{"__type__":"TypedArray","ctor":"Float64Array","array":[0,0,0,0,0,0,1,1,1,1]}},{"__type__":"cc.Sprite","node":{"__id__":64},"_spriteFrame":{"__uuid__":"1aMvx28L1PZpgPVpKcDKCz"},"_sizeMode":2,"_isTrimmedMode":false},{"__type__":"cc.Node","_name":"New Label","_parent":{"__id__":62},"_components":[{"__type__":"cc.Label","node":{"__id__":66},"_materials":[{"__uuid__":"ecpdLyjvZBwrvm+cedCcQy"}],"_useOriginalSize":false,"_string":"3","_N$string":"3","_fontSize":30,"_N$horizontalAlign":1,"_N$verticalAlign":1,"_N$fontFamily":"KAITI","_N$overflow":1}],"_contentSize":{"__type__":"cc.Size","width":30,"height":30},"_trs":{"__type__":"TypedArray","ctor":"Float64Array","array":[0,-40,0,0,0,0,1,1,1,1]}},{"__type__":"cc.Node","_name":"toggle4","_parent":{"__id__":51},"_children":[{"__id__":68},{"__id__":69},{"__id__":71}],"_components":[{"__type__":"cc.Toggle","node":{"__id__":67},"_N$interactable":false,"_N$transition":3,"transition":3,"_N$normalColor":{"__type__":"cc.Color","r":214,"g":214,"b":214},"_N$target":{"__id__":67},"_N$isChecked":false,"checkMark":{"__id__":70},"checkEvents":[{"__type__":"cc.ClickEvent","target":{"__id__":25},"_componentId":"64dcc3r1yhHzqpxGNZvPGFg","handler":"mnfChange","customEventData":"4"}]}],"_contentSize":{"__type__":"cc.Size","width":37,"height":28},"_trs":{"__type__":"TypedArray","ctor":"Float64Array","array":[167,3,0,0,0,0,1,1,1,1]}},{"__type__":"cc.Node","_name":"Background","_parent":{"__id__":67},"_components":[{"__type__":"cc.Sprite","node":{"__id__":68},"_materials":[{"__uuid__":"ecpdLyjvZBwrvm+cedCcQy"}],"_spriteFrame":{"__uuid__":"e7q6FL+VZEgLJUjVeDLic/"},"_sizeMode":2,"_isTrimmedMode":false}],"_contentSize":{"__type__":"cc.Size","width":32,"height":32},"_trs":{"__type__":"TypedArray","ctor":"Float64Array","array":[0,0,0,0,0,0,1,1,1,1]}},{"__type__":"cc.Node","_name":"checkmark","_parent":{"__id__":67},"_active":false,"_components":[{"__id__":70}],"_contentSize":{"__type__":"cc.Size","width":32,"height":32},"_trs":{"__type__":"TypedArray","ctor":"Float64Array","array":[0,0,0,0,0,0,1,1,1,1]}},{"__type__":"cc.Sprite","node":{"__id__":69},"_spriteFrame":{"__uuid__":"1aMvx28L1PZpgPVpKcDKCz"},"_sizeMode":2,"_isTrimmedMode":false},{"__type__":"cc.Node","_name":"New Label","_parent":{"__id__":67},"_components":[{"__type__":"cc.Label","node":{"__id__":71},"_materials":[{"__uuid__":"ecpdLyjvZBwrvm+cedCcQy"}],"_useOriginalSize":false,"_string":"4","_N$string":"4","_fontSize":30,"_N$horizontalAlign":1,"_N$verticalAlign":1,"_N$fontFamily":"KAITI","_N$overflow":1}],"_contentSize":{"__type__":"cc.Size","width":30,"height":30},"_trs":{"__type__":"TypedArray","ctor":"Float64Array","array":[0,-40,0,0,0,0,1,1,1,1]}},{"__type__":"cc.Node","_name":"Pmnf","_parent":{"__id__":51},"_components":[{"__type__":"cc.Label","node":{"__id__":72},"_materials":[{"__uuid__":"ecpdLyjvZBwrvm+cedCcQy"}],"_useOriginalSize":false,"_string":"倍率：","_N$string":"倍率：","_fontSize":30,"_styleFlags":1,"_N$horizontalAlign":1,"_N$verticalAlign":1,"_N$fontFamily":"KAITI"}],"_color":{"__type__":"cc.Color","r":255},"_contentSize":{"__type__":"cc.Size","width":91.76,"height":50.4},"_trs":{"__type__":"TypedArray","ctor":"Float64Array","array":[-114.491,7.464,0,0,0,0,1,1,1,1]}},{"__type__":"cc.Node","_name":"audio","_parent":{"__id__":1},"_components":[{"__type__":"cc.AudioSource","node":{"__id__":73},"_clip":{"__uuid__":"960x9xKNRH67+P2XUv0TOk"},"_loop":true,"playOnLoad":true}],"_trs":{"__type__":"TypedArray","ctor":"Float64Array","array":[0,0,0,0,0,0,1,1,1,1]},"_id":"afV7q/PLJNlrlzFHliBxhY"}],{"__type__":"cc.SpriteFrame","content":{"name":"骰子","texture":"11U0/7MXlPm7JdO8t3glNx","rect":[2,2,95,95],"offset":[0,0],"originalSize":[99,99],"capInsets":[0,0,0,0]}},{"__type__":"cc.SpriteFrame","content":{"name":"木头","texture":"29QrXuR8lKJbe9+VMnM756","rect":[0,0,519,720],"offset":[0,0],"originalSize":[519,720],"capInsets":[0,0,0,0]}},{"__type__":"cc.SpriteFrame","content":{"name":"default_radio_button_off","texture":"56fc2Ai/RFNYpaMT8crweK","rect":[3,3,26,26],"offset":[0,0],"originalSize":[32,32],"capInsets":[0,0,0,0]}}]