[{"__type__":"cc.AudioClip","_name":"回忆杀  忧伤的钢琴悬疑紧张诡异背景音乐_爱给网_aigei_com","_native":".mp3"},{"__type__":"cc.SpriteFrame","content":{"name":"return","texture":"5fFTBAlFdG9pZDGc2oLenB","rect":[10,25,257,200],"offset":[5,-7],"originalSize":[267,236],"capInsets":[0,0,0,0]}},{"__type__":"cc.SpriteFrame","content":{"name":"default_scrollbar_vertical","texture":"d608qFRoFHwbXd0Dap056i","rect":[0,0,15,30],"offset":[0,0],"originalSize":[15,30],"capInsets":[4,10,4,10]}},{"__type__":"cc.SpriteFrame","content":{"name":"default_scrollbar_vertical_bg","texture":"61cyPdEfRN047sDK9rO0W5","rect":[0,0,15,30],"offset":[0,0],"originalSize":[15,30],"capInsets":[4,10,4,10]}},{"__type__":"cc.SpriteFrame","content":{"name":"规则说明","texture":"17TJbH4WVGJ7MqPIoMRyC4","rect":[0,4,265,379],"offset":[0,-2],"originalSize":[265,383],"capInsets":[0,0,0,0]}},{"__type__":"cc.SpriteFrame","content":{"name":"木头","texture":"29QrXuR8lKJbe9+VMnM756","rect":[0,0,519,720],"offset":[0,0],"originalSize":[519,720],"capInsets":[0,0,0,0]}},[{"__type__":"cc.SceneAsset","_name":"规则介绍","scene":{"__id__":1},"asyncLoadAssets":null},{"__type__":"cc.Scene","_name":"New Node","_children":[{"__id__":2},{"__id__":5},{"__id__":16},{"__id__":19}],"_anchorPoint":{"__type__":"cc.Vec2"},"_trs":{"__type__":"TypedArray","ctor":"Float64Array","array":[0,0,0,0,0,0,1,1,1,1]},"autoReleaseAssets":false},{"__type__":"cc.Node","_name":"Canvas","_parent":{"__id__":1},"_children":[{"__id__":3},{"__id__":4}],"_components":[{"__type__":"cc.Canvas","node":{"__id__":2},"_designResolution":{"__type__":"cc.Size","width":437,"height":752}},{"__type__":"cc.Widget","node":{"__id__":2},"_alignFlags":45}],"_contentSize":{"__type__":"cc.Size","width":437,"height":752},"_trs":{"__type__":"TypedArray","ctor":"Float64Array","array":[218.5,376,0,0,0,0,1,1,1,1]},"_id":"a5esZu+45LA5mBpvttspPD"},{"__type__":"cc.Node","_name":"Main Camera","_parent":{"__id__":2},"_components":[{"__type__":"cc.Camera","node":{"__id__":3},"_clearFlags":7,"_depth":-1}],"_contentSize":{"__type__":"cc.Size","width":437,"height":752},"_trs":{"__type__":"TypedArray","ctor":"Float64Array","array":[0,0,273.05782567063227,0,0,0,1,1,1,1]}},{"__type__":"cc.Node","_name":"木头","_parent":{"__id__":2},"_components":[{"__type__":"cc.Sprite","node":{"__id__":4},"_materials":[{"__uuid__":"ecpdLyjvZBwrvm+cedCcQy"}],"_spriteFrame":{"__uuid__":"ccEYepwUtNrIFzhgTUdlAo"}}],"_contentSize":{"__type__":"cc.Size","width":519,"height":720},"_trs":{"__type__":"TypedArray","ctor":"Float64Array","array":[0,0,0,0,0,0,1,1,1,1]}},{"__type__":"cc.Node","_name":"规则说明","_parent":{"__id__":1},"_children":[{"__id__":6},{"__id__":7}],"_components":[{"__type__":"cc.Sprite","node":{"__id__":5},"_materials":[{"__uuid__":"ecpdLyjvZBwrvm+cedCcQy"}],"_spriteFrame":{"__uuid__":"79+ZmEzAtK07eYNVLOoMQj"},"_sizeMode":0}],"_contentSize":{"__type__":"cc.Size","width":437,"height":752},"_anchorPoint":{"__type__":"cc.Vec2"},"_trs":{"__type__":"TypedArray","ctor":"Float64Array","array":[0,0,0,0,0,0,1,1,1,1]},"_id":"17OR+bbz1BEb8KbEkVVyRM"},{"__type__":"cc.Node","_name":"title","_parent":{"__id__":5},"_components":[{"__type__":"cc.Label","node":{"__id__":6},"_materials":[{"__uuid__":"ecpdLyjvZBwrvm+cedCcQy"}],"_useOriginalSize":false,"_string":"规则说明","_N$string":"规则说明","_fontSize":60,"_styleFlags":1,"_N$horizontalAlign":1,"_N$verticalAlign":1,"_N$fontFamily":"KAITI","_N$overflow":1}],"_color":{"__type__":"cc.Color","r":72,"g":62,"b":38},"_contentSize":{"__type__":"cc.Size","width":350,"height":80},"_trs":{"__type__":"TypedArray","ctor":"Float64Array","array":[223.454,587.332,0,0,0,0,1,1,1,1]}},{"__type__":"cc.Node","_name":"New ScrollView","_parent":{"__id__":5},"_children":[{"__id__":8},{"__id__":14}],"_components":[{"__type__":"cc.Sprite","node":{"__id__":7},"_materials":[{"__uuid__":"ecpdLyjvZBwrvm+cedCcQy"}],"_type":1,"_sizeMode":0},{"__id__":12}],"_contentSize":{"__type__":"cc.Size","width":240,"height":250},"_trs":{"__type__":"TypedArray","ctor":"Float64Array","array":[215.026,423.302,0,0,0,0,1,1,1,1]}},{"__type__":"cc.Node","_name":"scrollBar","_parent":{"__id__":7},"_children":[{"__id__":9}],"_components":[{"__id__":11},{"__type__":"cc.Widget","node":{"__id__":8},"alignMode":0,"_alignFlags":37,"_left":350.07654921020657,"_right":-36.72,"_top":8.781999999999982,"_bottom":-188.782,"_originalHeight":237},{"__type__":"cc.Sprite","node":{"__id__":8},"_materials":[{"__uuid__":"ecpdLyjvZBwrvm+cedCcQy"}],"_spriteFrame":{"__uuid__":"5f5dyqtRNNxaFmVzYns6FZ"},"_type":1,"_sizeMode":0}],"_contentSize":{"__type__":"cc.Size","width":12,"height":430.00000000000006},"_anchorPoint":{"__type__":"cc.Vec2","x":1,"y":0.5},"_trs":{"__type__":"TypedArray","ctor":"Float64Array","array":[156.72,-98.78200000000001,0,0,0,0,1,1,1,1]}},{"__type__":"cc.Node","_name":"bar","_parent":{"__id__":8},"_components":[{"__id__":10}],"_contentSize":{"__type__":"cc.Size","width":10,"height":30},"_anchorPoint":{"__type__":"cc.Vec2","x":1},"_trs":{"__type__":"TypedArray","ctor":"Float64Array","array":[-1,0,0,0,0,0,1,1,1,1]}},{"__type__":"cc.Sprite","node":{"__id__":9},"_materials":[{"__uuid__":"ecpdLyjvZBwrvm+cedCcQy"}],"_spriteFrame":{"__uuid__":"5cO7kybDxGj4ipyMYdRYZB"},"_type":1,"_sizeMode":0},{"__type__":"cc.Scrollbar","node":{"__id__":8},"_scrollView":{"__id__":12},"_N$handle":{"__id__":10},"_N$direction":1},{"__type__":"cc.ScrollView","node":{"__id__":7},"horizontal":false,"brake":0.75,"bounceDuration":0.23,"_N$content":{"__id__":13},"content":{"__id__":13},"_N$horizontalScrollBar":null,"_N$verticalScrollBar":{"__id__":11}},{"__type__":"cc.Node","_name":"content","_parent":{"__id__":14},"_children":[{"__id__":15}],"_contentSize":{"__type__":"cc.Size","width":220,"height":1100},"_anchorPoint":{"__type__":"cc.Vec2","x":0.5,"y":1},"_trs":{"__type__":"TypedArray","ctor":"Float64Array","array":[8.286,216.612,0,0,0,0,1,1,1,1]}},{"__type__":"cc.Node","_name":"view","_parent":{"__id__":7},"_children":[{"__id__":13}],"_components":[{"__type__":"cc.Mask","node":{"__id__":14},"_materials":[{"__uuid__":"ecpdLyjvZBwrvm+cedCcQy"}],"_N$alphaThreshold":0}],"_contentSize":{"__type__":"cc.Size","width":280,"height":430},"_trs":{"__type__":"TypedArray","ctor":"Float64Array","array":[1.841,-99.725,0,0,0,0,1,1,1,1]}},{"__type__":"cc.Node","_name":"item","_parent":{"__id__":13},"_components":[{"__type__":"cc.Label","node":{"__id__":15},"_materials":[{"__uuid__":"ecpdLyjvZBwrvm+cedCcQy"}],"_useOriginalSize":false,"_string":"游戏内有三轮投掷机会，玩家一人一次轮流投掷骰子，每人5个骰子。前两次投掷骰子之后可以选择锁定0~5个骰子，锁定的骰子位于选定区域不再改变，前两轮每轮投掷结束并在所有玩家锁定骰子后，每位玩家可以选择增加倍率，选择完成后进入下一轮。第三轮投掷结束后，所有玩家的全部骰子自动锁定并进行计分（得分为五个骰子的点数总和+奖励分）。奖励分示例如下：\n一、双对(10分):1，1，2，2，3\n二、三连(10分):1，1，1，2，3\n三、葫芦(20分):1，1，1，2，2\n四、四连(40分):1，1，1，1，2\n五、五连(100分): 1，1，1，1，1\n六、小顺子(30分):1，2，3，4，6\n七、大顺子(60分):1，2，3，4，5\n每名玩家一开始有500个欢乐豆,当一名玩家输完所有的欢乐豆时，游戏结束","_N$string":"游戏内有三轮投掷机会，玩家一人一次轮流投掷骰子，每人5个骰子。前两次投掷骰子之后可以选择锁定0~5个骰子，锁定的骰子位于选定区域不再改变，前两轮每轮投掷结束并在所有玩家锁定骰子后，每位玩家可以选择增加倍率，选择完成后进入下一轮。第三轮投掷结束后，所有玩家的全部骰子自动锁定并进行计分（得分为五个骰子的点数总和+奖励分）。奖励分示例如下：\n一、双对(10分):1，1，2，2，3\n二、三连(10分):1，1，1，2，3\n三、葫芦(20分):1，1，1，2，2\n四、四连(40分):1，1，1，1，2\n五、五连(100分): 1，1，1，1，1\n六、小顺子(30分):1，2，3，4，6\n七、大顺子(60分):1，2，3，4，5\n每名玩家一开始有500个欢乐豆,当一名玩家输完所有的欢乐豆时，游戏结束","_fontSize":20,"_lineHeight":30,"_N$horizontalAlign":1,"_N$fontFamily":"KAITI","_N$overflow":1}],"_color":{"__type__":"cc.Color"},"_contentSize":{"__type__":"cc.Size","width":200,"height":1100},"_anchorPoint":{"__type__":"cc.Vec2","y":1},"_trs":{"__type__":"TypedArray","ctor":"Float64Array","array":[-103.577,-4.93,0,0,0,0,1,1,1,1]}},{"__type__":"cc.Node","_name":"rButton","_parent":{"__id__":1},"_children":[{"__id__":17}],"_components":[{"__type__":"cc.Button","node":{"__id__":16},"_normalMaterial":{"__uuid__":"ecpdLyjvZBwrvm+cedCcQy"},"clickEvents":[{"__type__":"cc.ClickEvent","target":{"__id__":16},"_componentId":"7392fAhbbFOvZzmmZpmTOmL","handler":"return"}],"_N$transition":2,"transition":2,"_N$normalColor":{"__type__":"cc.Color","r":230,"g":230,"b":230},"_N$pressedColor":{"__type__":"cc.Color","r":200,"g":200,"b":200},"pressedColor":{"__type__":"cc.Color","r":200,"g":200,"b":200},"_N$disabledColor":{"__type__":"cc.Color","r":120,"g":120,"b":120,"a":200},"_N$normalSprite":{"__uuid__":"4144l+8QNF/4/2ydCtJ2Rc"},"_N$pressedSprite":{"__uuid__":"4144l+8QNF/4/2ydCtJ2Rc"},"pressedSprite":{"__uuid__":"4144l+8QNF/4/2ydCtJ2Rc"},"_N$hoverSprite":{"__uuid__":"4144l+8QNF/4/2ydCtJ2Rc"},"hoverSprite":{"__uuid__":"4144l+8QNF/4/2ydCtJ2Rc"},"_N$disabledSprite":{"__uuid__":"4144l+8QNF/4/2ydCtJ2Rc"},"_N$target":{"__id__":17}},{"__type__":"7392fAhbbFOvZzmmZpmTOmL","node":{"__id__":16}}],"_contentSize":{"__type__":"cc.Size","width":100,"height":40},"_trs":{"__type__":"TypedArray","ctor":"Float64Array","array":[80.194,691.308,0,0,0,0,1,1,1,1]},"_id":"bb3WpWXFhKRpR7rzuHWTNI"},{"__type__":"cc.Node","_name":"Background","_parent":{"__id__":16},"_children":[{"__id__":18}],"_components":[{"__type__":"cc.Sprite","node":{"__id__":17},"_materials":[{"__uuid__":"ecpdLyjvZBwrvm+cedCcQy"}],"_spriteFrame":{"__uuid__":"4144l+8QNF/4/2ydCtJ2Rc"},"_type":1,"_sizeMode":0},{"__type__":"cc.Widget","node":{"__id__":17},"alignMode":0,"_alignFlags":45,"_left":7.474999999999998,"_right":52.52499999999999,"_top":1.1849999999999996,"_bottom":-1.1849999999999996,"_originalWidth":100,"_originalHeight":40}],"_contentSize":{"__type__":"cc.Size","width":40.000000000000014,"height":40},"_trs":{"__type__":"TypedArray","ctor":"Float64Array","array":[-22.525,-1.1849999999999987,0,0,0,0,1,1,1,1]}},{"__type__":"cc.Node","_name":"Label","_parent":{"__id__":17},"_components":[{"__type__":"cc.Label","node":{"__id__":18},"_materials":[{"__uuid__":"ecpdLyjvZBwrvm+cedCcQy"}],"_useOriginalSize":false,"_string":"返回","_N$string":"返回","_fontSize":30,"_enableWrapText":false,"_styleFlags":1,"_N$verticalAlign":1,"_N$fontFamily":"KAITI","_N$overflow":1,"_N$cacheMode":1}],"_color":{"__type__":"cc.Color"},"_contentSize":{"__type__":"cc.Size","width":100,"height":40},"_trs":{"__type__":"TypedArray","ctor":"Float64Array","array":[72.603,1.46,0,0,0,0,1,1,1,1]}},{"__type__":"cc.Node","_name":"audio","_parent":{"__id__":1},"_components":[{"__type__":"cc.AudioSource","node":{"__id__":19},"_clip":{"__uuid__":"280BDDq/FMAJjXB5BhCXbq"},"_loop":true,"playOnLoad":true}],"_trs":{"__type__":"TypedArray","ctor":"Float64Array","array":[0,0,0,0,0,0,1,1,1,1]},"_id":"910kb1WZxO+Y/LoyUemPI/"}]]