[[{"__type__":"cc.SceneAsset","_name":"联机对战","scene":{"__id__":1},"asyncLoadAssets":null},{"__type__":"cc.Scene","_name":"New Node","_children":[{"__id__":2},{"__id__":4},{"__id__":5},{"__id__":11},{"__id__":17},{"__id__":20},{"__id__":23}],"_anchorPoint":{"__type__":"cc.Vec2"},"_trs":{"__type__":"TypedArray","ctor":"Float64Array","array":[0,0,0,0,0,0,1,1,1,1]},"autoReleaseAssets":false},{"__type__":"cc.Node","_name":"Canvas","_parent":{"__id__":1},"_children":[{"__id__":3}],"_components":[{"__type__":"cc.Canvas","node":{"__id__":2},"_designResolution":{"__type__":"cc.Size","width":437,"height":752}},{"__type__":"cc.Widget","node":{"__id__":2},"_alignFlags":45}],"_contentSize":{"__type__":"cc.Size","width":437,"height":752},"_trs":{"__type__":"TypedArray","ctor":"Float64Array","array":[218.5,376,0,0,0,0,1,1,1,1]},"_id":"a5esZu+45LA5mBpvttspPD"},{"__type__":"cc.Node","_name":"Main Camera","_parent":{"__id__":2},"_components":[{"__type__":"cc.Camera","node":{"__id__":3},"_clearFlags":7,"_depth":-1}],"_contentSize":{"__type__":"cc.Size","width":960,"height":640},"_trs":{"__type__":"TypedArray","ctor":"Float64Array","array":[0,0,289.33909269018056,0,0,0,1,1,1,1]}},{"__type__":"cc.Node","_name":"木头","_parent":{"__id__":1},"_components":[{"__type__":"cc.Sprite","node":{"__id__":4},"_materials":[{"__uuid__":"ecpdLyjvZBwrvm+cedCcQy"}],"_spriteFrame":{"__uuid__":"ccEYepwUtNrIFzhgTUdlAo"},"_sizeMode":0}],"_contentSize":{"__type__":"cc.Size","width":437,"height":752},"_anchorPoint":{"__type__":"cc.Vec2"},"_trs":{"__type__":"TypedArray","ctor":"Float64Array","array":[0,0,0,0,0,0,1,1,1,1]},"_id":"d17kWUWMNPe5EdbxMtsQwa"},{"__type__":"cc.Node","_name":"buttom","_parent":{"__id__":1},"_children":[{"__id__":6},{"__id__":7},{"__id__":8},{"__id__":9},{"__id__":10}],"_components":[{"__type__":"cc.Sprite","node":{"__id__":5},"_materials":[{"__uuid__":"ecpdLyjvZBwrvm+cedCcQy"}],"_type":1,"_sizeMode":0},{"__type__":"cc.Layout","node":{"__id__":5},"_layoutSize":{"__type__":"cc.Size","width":400,"height":80},"_N$layoutType":1}],"_contentSize":{"__type__":"cc.Size","width":400,"height":80},"_trs":{"__type__":"TypedArray","ctor":"Float64Array","array":[218.5,200,0,0,0,0,1,1,1,1]},"_id":"3fKzDbW7xMMqqIH+fsqlOC"},{"__type__":"cc.Node","_name":"骰子","_parent":{"__id__":5},"_components":[{"__type__":"cc.Sprite","node":{"__id__":6},"_materials":[{"__uuid__":"ecpdLyjvZBwrvm+cedCcQy"}],"_spriteFrame":{"__uuid__":"c36s/bdhpDn5hv/xEv3eRE"},"_sizeMode":0}],"_contentSize":{"__type__":"cc.Size","width":80,"height":80},"_trs":{"__type__":"TypedArray","ctor":"Float64Array","array":[-160,0,0,0,0,0,1,1,1,1]}},{"__type__":"cc.Node","_name":"骰子","_parent":{"__id__":5},"_components":[{"__type__":"cc.Sprite","node":{"__id__":7},"_materials":[{"__uuid__":"ecpdLyjvZBwrvm+cedCcQy"}],"_spriteFrame":{"__uuid__":"c36s/bdhpDn5hv/xEv3eRE"},"_sizeMode":0}],"_contentSize":{"__type__":"cc.Size","width":80,"height":80},"_trs":{"__type__":"TypedArray","ctor":"Float64Array","array":[-80,0,0,0,0,0,1,1,1,1]}},{"__type__":"cc.Node","_name":"骰子","_parent":{"__id__":5},"_components":[{"__type__":"cc.Sprite","node":{"__id__":8},"_materials":[{"__uuid__":"ecpdLyjvZBwrvm+cedCcQy"}],"_spriteFrame":{"__uuid__":"c36s/bdhpDn5hv/xEv3eRE"},"_sizeMode":0}],"_contentSize":{"__type__":"cc.Size","width":80,"height":80},"_trs":{"__type__":"TypedArray","ctor":"Float64Array","array":[0,0,0,0,0,0,1,1,1,1]}},{"__type__":"cc.Node","_name":"骰子","_parent":{"__id__":5},"_components":[{"__type__":"cc.Sprite","node":{"__id__":9},"_materials":[{"__uuid__":"ecpdLyjvZBwrvm+cedCcQy"}],"_spriteFrame":{"__uuid__":"c36s/bdhpDn5hv/xEv3eRE"},"_sizeMode":0}],"_contentSize":{"__type__":"cc.Size","width":80,"height":80},"_trs":{"__type__":"TypedArray","ctor":"Float64Array","array":[80,0,0,0,0,0,1,1,1,1]}},{"__type__":"cc.Node","_name":"骰子","_parent":{"__id__":5},"_components":[{"__type__":"cc.Sprite","node":{"__id__":10},"_materials":[{"__uuid__":"ecpdLyjvZBwrvm+cedCcQy"}],"_spriteFrame":{"__uuid__":"c36s/bdhpDn5hv/xEv3eRE"},"_sizeMode":0}],"_contentSize":{"__type__":"cc.Size","width":80,"height":80},"_trs":{"__type__":"TypedArray","ctor":"Float64Array","array":[160,0,0,0,0,0,1,1,1,1]}},{"__type__":"cc.Node","_name":"top","_parent":{"__id__":1},"_children":[{"__id__":12},{"__id__":13},{"__id__":14},{"__id__":15},{"__id__":16}],"_components":[{"__type__":"cc.Sprite","node":{"__id__":11},"_materials":[{"__uuid__":"ecpdLyjvZBwrvm+cedCcQy"}],"_type":1,"_sizeMode":0},{"__type__":"cc.Layout","node":{"__id__":11},"_layoutSize":{"__type__":"cc.Size","width":400,"height":80},"_N$layoutType":1}],"_contentSize":{"__type__":"cc.Size","width":400,"height":80},"_trs":{"__type__":"TypedArray","ctor":"Float64Array","array":[218.5,552,0,0,0,0,1,1,1,1]},"_id":"f5VKomiR9A5ZYG1/B6Z2R9"},{"__type__":"cc.Node","_name":"骰子","_parent":{"__id__":11},"_components":[{"__type__":"cc.Sprite","node":{"__id__":12},"_materials":[{"__uuid__":"ecpdLyjvZBwrvm+cedCcQy"}],"_spriteFrame":{"__uuid__":"c36s/bdhpDn5hv/xEv3eRE"},"_sizeMode":0}],"_contentSize":{"__type__":"cc.Size","width":80,"height":80},"_trs":{"__type__":"TypedArray","ctor":"Float64Array","array":[-160,0,0,0,0,0,1,1,1,1]}},{"__type__":"cc.Node","_name":"骰子","_parent":{"__id__":11},"_components":[{"__type__":"cc.Sprite","node":{"__id__":13},"_materials":[{"__uuid__":"ecpdLyjvZBwrvm+cedCcQy"}],"_spriteFrame":{"__uuid__":"c36s/bdhpDn5hv/xEv3eRE"},"_sizeMode":0}],"_contentSize":{"__type__":"cc.Size","width":80,"height":80},"_trs":{"__type__":"TypedArray","ctor":"Float64Array","array":[-80,0,0,0,0,0,1,1,1,1]}},{"__type__":"cc.Node","_name":"骰子","_parent":{"__id__":11},"_components":[{"__type__":"cc.Sprite","node":{"__id__":14},"_materials":[{"__uuid__":"ecpdLyjvZBwrvm+cedCcQy"}],"_spriteFrame":{"__uuid__":"c36s/bdhpDn5hv/xEv3eRE"},"_sizeMode":0}],"_contentSize":{"__type__":"cc.Size","width":80,"height":80},"_trs":{"__type__":"TypedArray","ctor":"Float64Array","array":[0,0,0,0,0,0,1,1,1,1]}},{"__type__":"cc.Node","_name":"骰子","_parent":{"__id__":11},"_components":[{"__type__":"cc.Sprite","node":{"__id__":15},"_materials":[{"__uuid__":"ecpdLyjvZBwrvm+cedCcQy"}],"_spriteFrame":{"__uuid__":"c36s/bdhpDn5hv/xEv3eRE"},"_sizeMode":0}],"_contentSize":{"__type__":"cc.Size","width":80,"height":80},"_trs":{"__type__":"TypedArray","ctor":"Float64Array","array":[80,0,0,0,0,0,1,1,1,1]}},{"__type__":"cc.Node","_name":"骰子","_parent":{"__id__":11},"_components":[{"__type__":"cc.Sprite","node":{"__id__":16},"_materials":[{"__uuid__":"ecpdLyjvZBwrvm+cedCcQy"}],"_spriteFrame":{"__uuid__":"c36s/bdhpDn5hv/xEv3eRE"},"_sizeMode":0}],"_contentSize":{"__type__":"cc.Size","width":80,"height":80},"_trs":{"__type__":"TypedArray","ctor":"Float64Array","array":[160,0,0,0,0,0,1,1,1,1]}},{"__type__":"cc.Node","_name":"button","_parent":{"__id__":1},"_children":[{"__id__":18}],"_components":[{"__type__":"cc.Button","node":{"__id__":17},"_normalMaterial":{"__uuid__":"ecpdLyjvZBwrvm+cedCcQy"},"_N$transition":2,"transition":2,"_N$normalColor":{"__type__":"cc.Color","r":230,"g":230,"b":230},"_N$pressedColor":{"__type__":"cc.Color","r":200,"g":200,"b":200},"pressedColor":{"__type__":"cc.Color","r":200,"g":200,"b":200},"_N$disabledColor":{"__type__":"cc.Color","r":120,"g":120,"b":120,"a":200},"_N$target":{"__id__":18}}],"_contentSize":{"__type__":"cc.Size","width":150,"height":80},"_trs":{"__type__":"TypedArray","ctor":"Float64Array","array":[218.5,376,0,0,0,0,1,1,1,1]},"_id":"cfy5mIVfJFBY/URZvmAAeg"},{"__type__":"cc.Node","_name":"Background","_parent":{"__id__":17},"_children":[{"__id__":19}],"_components":[{"__type__":"cc.Sprite","node":{"__id__":18},"_materials":[{"__uuid__":"ecpdLyjvZBwrvm+cedCcQy"}],"_type":1,"_sizeMode":0},{"__type__":"cc.Widget","node":{"__id__":18},"alignMode":0,"_alignFlags":45,"_originalWidth":100,"_originalHeight":40}],"_contentSize":{"__type__":"cc.Size","width":150,"height":80},"_trs":{"__type__":"TypedArray","ctor":"Float64Array","array":[0,0,0,0,0,0,1,1,1,1]}},{"__type__":"cc.Node","_name":"Label","_parent":{"__id__":18},"_components":[{"__type__":"cc.Label","node":{"__id__":19},"_materials":[{"__uuid__":"ecpdLyjvZBwrvm+cedCcQy"}],"_useOriginalSize":false,"_string":"开始","_N$string":"开始","_fontSize":60,"_lineHeight":80,"_enableWrapText":false,"_styleFlags":1,"_N$horizontalAlign":1,"_N$verticalAlign":1,"_N$fontFamily":"KAITI","_N$overflow":1,"_N$cacheMode":1}],"_color":{"__type__":"cc.Color"},"_contentSize":{"__type__":"cc.Size","width":150,"height":80},"_trs":{"__type__":"TypedArray","ctor":"Float64Array","array":[0,0,0,0,0,0,1,1,1,1]}},{"__type__":"cc.Node","_name":"rBytton","_parent":{"__id__":1},"_children":[{"__id__":21}],"_components":[{"__type__":"cc.Button","node":{"__id__":20},"_normalMaterial":{"__uuid__":"ecpdLyjvZBwrvm+cedCcQy"},"clickEvents":[{"__type__":"cc.ClickEvent","target":{"__id__":20},"_componentId":"7392fAhbbFOvZzmmZpmTOmL","handler":"return"}],"_N$transition":2,"transition":2,"_N$normalColor":{"__type__":"cc.Color","r":230,"g":230,"b":230},"_N$pressedColor":{"__type__":"cc.Color","r":200,"g":200,"b":200},"pressedColor":{"__type__":"cc.Color","r":200,"g":200,"b":200},"_N$disabledColor":{"__type__":"cc.Color","r":120,"g":120,"b":120,"a":200},"_N$normalSprite":{"__uuid__":"4144l+8QNF/4/2ydCtJ2Rc"},"_N$pressedSprite":{"__uuid__":"4144l+8QNF/4/2ydCtJ2Rc"},"pressedSprite":{"__uuid__":"4144l+8QNF/4/2ydCtJ2Rc"},"_N$hoverSprite":{"__uuid__":"4144l+8QNF/4/2ydCtJ2Rc"},"hoverSprite":{"__uuid__":"4144l+8QNF/4/2ydCtJ2Rc"},"_N$disabledSprite":{"__uuid__":"4144l+8QNF/4/2ydCtJ2Rc"},"_N$target":{"__id__":21}},null,{"__type__":"7392fAhbbFOvZzmmZpmTOmL","node":{"__id__":20}}],"_contentSize":{"__type__":"cc.Size","width":110,"height":40},"_trs":{"__type__":"TypedArray","ctor":"Float64Array","array":[61.924,723.443,0,0,0,0,1,1,1,1]},"_id":"d2bmNODy9BJ70JXpllZzn0"},{"__type__":"cc.Node","_name":"Background","_parent":{"__id__":20},"_children":[{"__id__":22}],"_components":[{"__type__":"cc.Sprite","node":{"__id__":21},"_materials":[{"__uuid__":"ecpdLyjvZBwrvm+cedCcQy"}],"_spriteFrame":{"__uuid__":"4144l+8QNF/4/2ydCtJ2Rc"},"_type":1,"_sizeMode":0},{"__type__":"cc.Widget","node":{"__id__":21},"alignMode":0,"_alignFlags":45,"_left":1.5470000000000113,"_right":58.45300000000001,"_top":-2.371000000000001,"_bottom":2.371000000000001,"_originalWidth":100,"_originalHeight":40}],"_contentSize":{"__type__":"cc.Size","width":49.99999999999998,"height":40},"_trs":{"__type__":"TypedArray","ctor":"Float64Array","array":[-28.453,2.371000000000002,0,0,0,0,1,1,1,1]}},{"__type__":"cc.Node","_name":"Label","_parent":{"__id__":21},"_components":[{"__type__":"cc.Label","node":{"__id__":22},"_materials":[{"__uuid__":"ecpdLyjvZBwrvm+cedCcQy"}],"_useOriginalSize":false,"_string":"返回","_N$string":"返回","_fontSize":30,"_enableWrapText":false,"_styleFlags":1,"_N$verticalAlign":1,"_N$fontFamily":"KAITI","_N$overflow":1,"_N$cacheMode":1}],"_color":{"__type__":"cc.Color"},"_contentSize":{"__type__":"cc.Size","width":100,"height":40},"_trs":{"__type__":"TypedArray","ctor":"Float64Array","array":[74.689,0,0,0,0,0,1,1,1,1]}},{"__type__":"cc.Node","_name":"audio","_parent":{"__id__":1},"_components":[{"__type__":"cc.AudioSource","node":{"__id__":23},"_clip":{"__uuid__":"960x9xKNRH67+P2XUv0TOk"},"_loop":true,"playOnLoad":true}],"_trs":{"__type__":"TypedArray","ctor":"Float64Array","array":[0,0,0,0,0,0,1,1,1,1]},"_id":"853wlKOsBM24Ka5LxmZuFw"}],{"__type__":"cc.SpriteFrame","content":{"name":"return","texture":"5fFTBAlFdG9pZDGc2oLenB","rect":[10,25,257,200],"offset":[5,-7],"originalSize":[267,236],"capInsets":[0,0,0,0]}},{"__type__":"cc.SpriteFrame","content":{"name":"骰子","texture":"11U0/7MXlPm7JdO8t3glNx","rect":[2,2,95,95],"offset":[0,0],"originalSize":[99,99],"capInsets":[0,0,0,0]}},{"__type__":"cc.SpriteFrame","content":{"name":"木头","texture":"29QrXuR8lKJbe9+VMnM756","rect":[0,0,519,720],"offset":[0,0],"originalSize":[519,720],"capInsets":[0,0,0,0]}}]